scraped_at,league,team,player,games,wins,losses,saves,holds,hold_points,cg,sho,no_bb_games,win_pct,bf,ip,hits,hr,bb,ibb,hbp,so,wp,bk,runs,er,era,npb_id
2026-06-03 15:53:56,Central,阪神タイガース,石黒 佑弥,8,0,0,0,0,0,0,0,0,.000,60,13,16,2,4,0,1,18,0,0,8,8,5.54,01105159
2026-06-03 15:53:56,Central,阪神タイガース,伊藤 将司,1,0,0,0,0,0,0,0,0,.000,13,2.1,6,0,1,0,0,1,0,0,3,3,11.57,71375153
2026-06-03 15:53:56,Central,阪神タイガース,伊原 陵人,3,2,0,0,0,0,0,0,0,1.000,56,12.1,12,2,6,0,2,11,0,0,6,6,4.38,71375150
2026-06-03 15:53:56,Central,阪神タイガース,茨木 秀俊,3,1,0,0,0,0,0,0,0,1.000,63,12.2,18,2,8,1,0,10,0,0,9,9,6.39,81185157
2026-06-03 15:53:56,Central,阪神タイガース,岩貞 祐太,1,0,0,0,0,0,0,0,0,.000,7,0.2,3,0,1,0,0,0,0,0,3,1,13.50,51355139
2026-06-03 15:53:56,Central,阪神タイガース,岩崎 優,15,0,1,9,2,2,0,0,0,.000,55,14.2,13,0,2,0,0,14,0,0,2,2,1.23,31335139
2026-06-03 15:53:56,Central,阪神タイガース,大竹 耕太郎,8,2,4,0,0,0,0,0,0,.333,200,51,49,3,6,1,0,32,1,0,18,13,2.29,41345136
2026-06-03 15:53:56,Central,阪神タイガース,及川 雅貴,12,1,0,0,2,3,0,0,0,1.000,42,10.2,9,1,3,0,0,6,0,0,5,5,4.22,91795151
2026-06-03 15:53:56,Central,阪神タイガース,木下 里都,4,0,1,0,0,0,0,0,0,.000,37,7.1,12,2,3,0,0,4,0,0,5,5,6.14,41745150
2026-06-03 15:53:56,Central,阪神タイガース,桐敷 拓馬,18,0,2,1,7,7,0,0,0,.000,74,15.1,21,2,4,1,2,8,1,0,12,12,7.04,01705155
2026-06-03 15:53:56,Central,阪神タイガース,工藤 泰成,13,0,0,0,1,1,0,0,0,.000,56,13.1,12,0,5,0,0,14,0,0,3,3,2.03,81785150
2026-06-03 15:53:56,Central,阪神タイガース,才木 浩人,10,5,2,0,0,0,1,1,0,.714,246,60.1,50,4,14,1,2,78,0,0,24,21,3.13,41745134
2026-06-03 15:53:56,Central,阪神タイガース,椎葉 剛,3,0,0,0,0,0,0,0,0,.000,22,5,2,0,5,1,0,3,0,0,0,0,0.00,21925159
2026-06-03 15:53:56,Central,阪神タイガース,髙橋 遥人,8,6,0,0,0,0,4,4,2,1.000,224,62.2,31,1,8,0,1,58,1,0,6,6,0.86,91095136
2026-06-03 15:53:56,Central,阪神タイガース,津田 淳哉,1,0,0,0,0,0,0,0,0,.000,3,1,0,0,1,0,0,0,0,0,0,0,0.00,11415159
2026-06-03 15:53:56,Central,阪神タイガース,ドリス,21,1,1,8,8,9,0,0,0,.500,81,20.1,13,0,7,1,0,25,1,0,2,2,0.89,03505132
2026-06-03 15:53:56,Central,阪神タイガース,富田 蓮,1,0,0,0,0,0,0,0,0,.000,10,2,4,1,0,0,0,2,0,0,3,3,13.50,51255157
2026-06-03 15:53:56,Central,阪神タイガース,西 勇輝,4,3,1,0,0,0,0,0,0,.750,89,22,16,3,6,0,3,13,0,0,5,5,2.05,71275118
2026-06-03 15:53:56,Central,阪神タイガース,畠 世周,6,0,0,0,1,1,0,0,0,.000,20,6,3,1,1,0,1,2,0,0,2,2,3.00,31635134
2026-06-03 15:53:56,Central,阪神タイガース,早川 太貴,8,0,2,0,1,1,0,0,0,.000,54,11.2,12,3,6,0,0,13,0,0,10,9,6.94,57955159
2026-06-03 15:53:56,Central,阪神タイガース,村上 頌樹,10,4,3,0,0,0,1,1,1,.571,272,70,50,5,12,1,1,57,0,0,19,15,1.93,13315153
2026-06-03 15:53:56,Central,阪神タイガース,モレッタ,17,2,2,0,5,7,0,0,0,.500,62,14,13,3,7,0,1,18,1,0,11,11,7.07,03705152
2026-06-03 15:53:56,Central,阪神タイガース,門別 啓人,3,0,1,0,0,0,0,0,0,.000,36,8,8,2,4,0,0,5,0,0,5,5,5.63,53355157
2026-06-03 15:53:56,Central,阪神タイガース,湯浅 京己,18,3,0,0,1,4,0,0,0,1.000,64,17.1,11,1,7,0,0,16,1,0,6,6,3.12,41845138
2026-06-03 15:53:56,Central,阪神タイガース,ルーカス,3,0,2,0,0,0,0,0,0,.000,64,14.2,19,2,4,0,0,15,0,0,9,9,5.52,73975152
2026-06-03 15:53:56,Central,阪神タイガース,石黒 佑弥,5,0,0,0,0,0,0,0,0,.000,22,6,1,0,2,0,1,5,0,0,0,0,0.00,01105159
2026-06-03 15:53:56,Central,阪神タイガース,伊藤 将司,4,1,0,0,0,0,1,0,0,1.000,48,14,6,1,2,0,0,13,1,0,2,2,1.29,71375153
2026-06-03 15:53:56,Central,阪神タイガース,伊原 陵人,2,2,0,0,0,0,0,0,0,1.000,35,9,6,0,2,0,0,9,0,0,0,0,0.00,71375150
2026-06-03 15:53:56,Central,阪神タイガース,茨木 秀俊,6,2,2,0,0,0,0,0,0,.500,126,30.1,28,2,7,0,1,21,3,0,13,9,2.67,81185157
2026-06-03 15:53:56,Central,阪神タイガース,岩貞 祐太,10,0,2,0,0,0,0,0,0,.000,49,11.2,11,1,6,0,0,11,0,0,7,7,5.40,51355139
2026-06-03 15:53:56,Central,阪神タイガース,大竹 耕太郎,3,1,2,0,0,0,0,0,0,.333,73,17,21,2,0,0,3,11,0,0,11,9,4.76,41345136
2026-06-03 15:53:56,Central,阪神タイガース,小川 一平,14,0,1,0,0,0,0,0,0,.000,69,15,19,1,8,0,1,16,2,0,11,11,6.60,11715151
2026-06-03 15:53:56,Central,阪神タイガース,及川 雅貴,5,0,1,0,0,0,0,0,0,.000,27,5.1,7,1,5,0,0,1,0,0,5,5,8.44,91795151
2026-06-03 15:53:56,Central,阪神タイガース,木下 里都,6,1,0,1,0,0,0,0,0,1.000,57,16,12,0,2,0,0,19,0,0,1,0,0.00,41745150
2026-06-03 15:53:56,Central,阪神タイガース,桐敷 拓馬,1,0,0,0,0,0,0,0,0,.000,11,2,4,0,1,0,0,1,0,0,2,2,9.00,01705155
2026-06-03 15:53:56,Central,阪神タイガース,工藤 泰成,4,1,0,0,0,0,0,0,0,1.000,23,6,4,0,3,0,0,9,0,0,0,0,0.00,81785150
2026-06-03 15:53:56,Central,阪神タイガース,今朝丸 裕喜,10,3,2,0,0,0,0,0,0,.600,215,51.1,50,4,16,0,1,30,1,0,25,14,2.45,31935150
2026-06-03 15:53:56,Central,阪神タイガース,才木 浩人,1,1,0,0,0,0,0,0,0,1.000,17,5,3,0,0,0,0,2,0,0,1,1,1.80,41745134
2026-06-03 15:53:56,Central,阪神タイガース,椎葉 剛,16,0,1,1,0,0,0,0,0,.000,67,17,11,0,7,0,1,19,1,0,2,1,0.53,21925159
2026-06-03 15:53:56,Central,阪神タイガース,下村 海翔,1,0,0,0,0,0,0,0,0,.000,6,1,1,0,1,0,1,0,1,0,1,1,9.00,61965159
2026-06-03 15:53:56,Central,阪神タイガース,神宮 僚介,7,0,0,0,0,0,0,0,0,.000,26,6,8,1,1,0,0,5,0,0,2,2,3.00,71075152
2026-06-03 15:53:56,Central,阪神タイガース,津田 淳哉,21,0,1,4,0,0,0,0,0,.000,95,22.1,21,0,2,0,2,22,0,0,6,5,2.01,11415159
2026-06-03 15:53:56,Central,阪神タイガース,富田 蓮,15,0,3,0,0,0,0,0,0,.000,105,24.1,32,3,2,0,0,9,1,0,14,11,4.07,51255157
2026-06-03 15:53:56,Central,阪神タイガース,西 勇輝,4,2,2,0,0,0,0,0,0,.500,82,19,21,2,5,0,0,7,0,0,9,6,2.84,71275118
2026-06-03 15:53:56,Central,阪神タイガース,能登 嵩都,9,0,3,0,0,0,0,0,0,.000,202,44,50,3,29,0,4,28,5,0,18,16,3.27,17915159
2026-06-03 15:53:56,Central,阪神タイガース,畠 世周,3,0,0,0,0,0,0,0,0,.000,13,3,3,0,1,0,0,5,0,0,1,1,3.00,31635134
2026-06-03 15:53:56,Central,阪神タイガース,早川 太貴,3,0,3,0,0,0,0,0,0,.000,70,13,23,1,9,0,1,7,0,0,17,17,11.77,57955159
2026-06-03 15:53:56,Central,阪神タイガース,早瀬 朔,1,0,0,0,0,0,0,0,0,.000,12,3,3,0,0,0,0,2,0,0,0,0,0.00,31635152
2026-06-03 15:53:56,Central,阪神タイガース,マルティネス,14,0,4,0,0,0,0,0,0,.000,159,36,32,1,17,0,1,23,3,0,20,16,4.00,13215159
2026-06-03 15:53:56,Central,阪神タイガース,松原 快,14,1,0,0,0,0,0,0,0,1.000,108,21,21,1,26,1,3,14,4,0,17,15,6.43,93195159
2026-06-03 15:53:56,Central,阪神タイガース,モレッタ,4,0,0,0,0,0,0,0,0,.000,13,4,1,0,1,0,0,4,0,0,0,0,0.00,03705152
2026-06-03 15:53:56,Central,阪神タイガース,門別 啓人,11,4,1,1,0,0,0,0,0,.800,144,36.1,33,2,6,0,0,17,2,0,9,8,1.98,53355157
2026-06-03 15:53:56,Central,阪神タイガース,ラグズデール,8,0,3,0,0,0,0,0,0,.000,159,37.1,26,0,25,0,2,30,4,0,14,10,2.41,63765152
2026-06-03 15:53:56,Central,阪神タイガース,ルーカス,2,0,1,0,0,0,0,0,0,.000,33,5.2,11,0,4,0,1,6,0,0,7,6,9.53,73975152
2026-06-03 15:53:56,Central,横浜DeNAベイスターズ,東 克樹,9,5,3,0,0,0,1,0,1,.625,229,59,45,4,11,0,1,47,1,0,16,11,1.68,51155136
2026-06-03 15:53:56,Central,横浜DeNAベイスターズ,石田 健大,2,0,0,0,0,0,0,0,0,.000,12,2.1,3,2,1,0,0,3,0,0,3,2,7.71,11315130
2026-06-03 15:53:56,Central,横浜DeNAベイスターズ,石田 裕太郎,10,3,5,0,0,0,0,0,0,.375,243,60.2,54,1,11,1,2,62,3,0,15,13,1.93,21125159
2026-06-03 15:53:56,Central,横浜DeNAベイスターズ,伊勢 大夢,12,0,1,0,5,5,0,0,0,.000,49,10.2,13,1,5,0,0,8,0,0,5,5,4.22,41145151
2026-06-03 15:53:56,Central,横浜DeNAベイスターズ,入江 大生,5,0,2,0,0,0,0,0,0,.000,96,19.2,27,2,9,0,1,25,0,0,18,16,7.32,61365153
2026-06-03 15:53:56,Central,横浜DeNAベイスターズ,岩田 将貴,7,0,0,0,0,0,0,0,0,.000,37,9,9,0,1,0,0,7,0,0,1,1,1.00,81385153
2026-06-03 15:53:56,Central,横浜DeNAベイスターズ,尾形 崇斗,1,1,0,0,0,0,0,0,0,1.000,20,5,2,0,1,0,2,7,0,0,0,0,0.00,
2026-06-03 15:53:56,Central,横浜DeNAベイスターズ,片山 皓心,1,0,1,0,0,0,0,0,0,.000,20,2.2,9,1,2,0,1,2,0,0,7,7,23.63,61565152
2026-06-03 15:53:56,Central,横浜DeNAベイスターズ,コックス,2,1,0,0,0,0,0,0,0,1.000,37,9,10,2,2,1,0,7,1,0,3,3,3.00,83385152
2026-06-03 15:53:56,Central,横浜DeNAベイスターズ,坂本 裕哉,22,0,1,0,3,3,0,0,0,.000,92,20.2,21,2,7,2,0,16,1,0,11,6,2.61,11015151
2026-06-03 15:53:56,Central,横浜DeNAベイスターズ,篠木 健太郎,4,1,1,0,0,0,0,0,0,.500,95,22,23,1,9,1,0,22,0,0,11,11,4.50,41045150
2026-06-03 15:53:56,Central,横浜DeNAベイスターズ,柴田 竜拓,1,0,0,0,0,0,0,0,0,.000,1,0.1,0,0,0,0,0,0,0,0,0,0,0.00,41945132
2026-06-03 15:53:56,Central,横浜DeNAベイスターズ,島田 舜也,4,1,1,0,0,0,0,0,0,.500,85,19.2,22,1,6,0,0,16,1,0,11,11,5.03,11015152
2026-06-03 15:53:56,Central,横浜DeNAベイスターズ,平良 拳太郎,8,2,3,0,0,0,0,0,0,.400,150,36,30,4,11,1,3,39,1,0,17,17,4.25,01905139
2026-06-03 15:53:56,Central,横浜DeNAベイスターズ,竹田 祐,5,1,3,0,0,0,0,0,0,.250,95,22.1,23,4,7,0,0,15,0,0,21,15,6.04,11415150
2026-06-03 15:53:56,Central,横浜DeNAベイスターズ,武田 陸玖,1,0,1,0,0,0,0,0,0,.000,13,2,2,0,4,0,0,1,0,0,2,1,4.50,91295159
2026-06-03 15:53:56,Central,横浜DeNAベイスターズ,デュプランティエ,2,0,2,0,0,0,0,0,0,.000,40,9,8,0,5,0,0,6,1,0,4,3,3.00,13715150
2026-06-03 15:53:56,Central,横浜DeNAベイスターズ,中川 虎大,19,4,2,0,9,13,0,0,0,.667,72,19,10,0,6,0,0,30,0,0,3,3,1.42,21225136
2026-06-03 15:53:56,Central,横浜DeNAベイスターズ,中川 颯,5,0,0,0,0,0,0,0,0,.000,35,7.1,13,1,2,0,0,4,0,0,3,3,3.68,21425153
2026-06-03 15:53:56,Central,横浜DeNAベイスターズ,橋本 達弥,6,1,0,0,0,1,0,0,0,1.000,30,6.2,3,0,8,0,0,9,0,0,1,1,1.35,31635157
2026-06-03 15:53:56,Central,横浜DeNAベイスターズ,深沢 鳳介,3,0,1,0,0,0,0,0,0,.000,65,13,22,1,5,1,0,9,0,0,14,9,6.23,61665155
2026-06-03 15:53:56,Central,横浜DeNAベイスターズ,堀岡 隼人,5,0,0,0,0,0,0,0,0,.000,30,7,6,1,3,0,0,7,2,0,4,4,5.14,71875134
2026-06-03 15:53:56,Central,横浜DeNAベイスターズ,マルセリーノ,12,0,0,0,1,1,0,0,0,.000,71,14.2,19,2,9,0,1,12,1,0,11,11,6.75,33235155
2026-06-03 15:53:56,Central,横浜DeNAベイスターズ,宮城 滝太,13,0,0,0,0,0,0,0,0,.000,54,13.2,12,1,2,0,0,17,1,0,3,3,1.98,51855138
2026-06-03 15:53:56,Central,横浜DeNAベイスターズ,山﨑 康晃,18,0,1,13,2,2,0,0,0,.000,71,17.1,14,2,6,0,1,17,1,0,6,5,2.60,41845130
2026-06-03 15:53:56,Central,横浜DeNAベイスターズ,吉野 光樹,12,0,1,0,2,2,0,0,0,.000,56,12.1,14,2,6,0,0,10,1,0,7,7,5.11,33535157
2026-06-03 15:53:56,Central,横浜DeNAベイスターズ,ルイーズ,18,1,0,0,7,8,0,0,0,1.000,69,17.1,15,0,1,0,1,16,0,0,4,4,2.08,53955152
2026-06-03 15:53:56,Central,横浜DeNAベイスターズ,レイノルズ,24,2,0,0,19,21,0,0,0,1.000,100,25,15,1,6,0,2,38,0,0,6,5,1.80,93995152
2026-06-03 15:53:56,Central,横浜DeNAベイスターズ,若松 尚輝,7,0,0,0,1,1,0,0,0,.000,57,13,9,0,9,1,1,9,0,0,4,4,2.77,63365150
2026-06-03 15:53:56,Central,横浜DeNAベイスターズ,石田 健大,14,0,1,0,0,0,0,0,0,.000,66,17.2,8,0,5,0,1,17,0,0,1,1,0.51,11315130
2026-06-03 15:53:56,Central,横浜DeNAベイスターズ,石田 裕太郎,1,1,0,0,0,0,0,0,0,1.000,20,6,1,0,0,0,0,5,0,0,0,0,0.00,21125159
2026-06-03 15:53:56,Central,横浜DeNAベイスターズ,伊勢 大夢,4,0,0,0,0,0,0,0,0,.000,16,4,1,0,1,0,1,5,0,0,0,0,0.00,41145151
2026-06-03 15:53:56,Central,横浜DeNAベイスターズ,入江 大生,5,0,2,0,0,0,0,0,0,.000,108,24.2,27,2,7,0,1,26,0,1,8,8,2.92,61365153
2026-06-03 15:53:56,Central,横浜DeNAベイスターズ,岩田 将貴,15,0,0,0,0,0,0,0,0,.000,43,11.2,8,0,4,0,0,8,0,0,2,1,0.77,81385153
2026-06-03 15:53:56,Central,横浜DeNAベイスターズ,尾形 崇斗,2,0,0,0,0,0,0,0,0,.000,36,11,3,0,2,0,0,17,0,0,0,0,0.00,
2026-06-03 15:53:56,Central,横浜DeNAベイスターズ,片山 皓心,9,3,3,0,0,0,0,0,0,.500,150,37.1,29,2,10,0,2,39,1,0,14,13,3.13,61565152
2026-06-03 15:53:56,Central,横浜DeNAベイスターズ,金渕 光希,6,1,3,0,0,0,0,0,0,.250,103,22,29,0,11,0,0,14,1,0,17,12,4.91,41545150
2026-06-03 15:53:56,Central,横浜DeNAベイスターズ,小園 健太,5,2,0,0,0,0,0,0,0,1.000,89,21.1,18,2,7,0,0,14,0,0,8,8,3.38,31935155
2026-06-03 15:53:56,Central,横浜DeNAベイスターズ,坂本 裕哉,1,0,0,0,0,0,0,0,0,.000,7,1,3,0,1,0,0,3,0,0,1,1,9.00,11015151
2026-06-03 15:53:56,Central,横浜DeNAベイスターズ,佐々木 千隼,8,2,0,0,0,0,0,0,0,1.000,39,10,5,0,4,0,0,9,0,0,1,1,0.90,71975134
2026-06-03 15:53:56,Central,横浜DeNAベイスターズ,篠木 健太郎,6,0,1,1,0,0,0,0,0,.000,75,18.2,14,0,5,0,1,23,0,1,7,5,2.41,41045150
2026-06-03 15:53:56,Central,横浜DeNAベイスターズ,島田 舜也,5,2,0,0,0,0,0,0,0,1.000,76,19.2,12,0,8,0,0,10,3,0,1,1,0.46,11015152
2026-06-03 15:53:56,Central,横浜DeNAベイスターズ,清水 麻成,3,0,0,0,0,0,0,0,0,.000,9,3,0,0,0,0,0,2,0,0,0,0,0.00,41945159
2026-06-03 15:53:56,Central,横浜DeNAベイスターズ,庄司 陽斗,11,4,1,0,0,0,0,0,0,.800,150,36.1,35,2,7,0,0,30,2,0,10,7,1.73,81985159
2026-06-03 15:53:56,Central,横浜DeNAベイスターズ,平良 拳太郎,2,1,0,0,0,0,0,0,0,1.000,32,8.1,7,0,0,0,0,11,0,1,0,0,0.00,01905139
2026-06-03 15:53:56,Central,横浜DeNAベイスターズ,竹田 祐,3,0,0,0,0,0,0,0,0,.000,32,7.2,6,0,2,0,0,7,0,0,3,1,1.17,11415150
2026-06-03 15:53:56,Central,横浜DeNAベイスターズ,武田 陸玖,9,1,3,1,0,0,0,0,0,.250,121,30,21,2,12,0,1,35,0,0,12,8,2.40,91295159
2026-06-03 15:53:56,Central,横浜DeNAベイスターズ,デュプランティエ,1,1,0,0,0,0,0,0,0,1.000,19,5,1,0,2,0,1,2,0,0,0,0,0.00,13715150
2026-06-03 15:53:56,Central,横浜DeNAベイスターズ,中川 虎大,3,0,0,0,0,0,0,0,0,.000,15,3,2,0,4,0,0,1,0,0,3,3,9.00,21225136
2026-06-03 15:53:56,Central,横浜DeNAベイスターズ,中川 颯,9,1,1,0,0,0,0,0,0,.500,33,9,3,0,2,0,1,5,0,0,1,0,0.00,21425153
2026-06-03 15:53:56,Central,横浜DeNAベイスターズ,橋本 達弥,11,0,1,0,0,0,0,0,0,.000,46,10,14,1,1,0,1,11,0,0,9,5,4.50,31635157
2026-06-03 15:53:56,Central,横浜DeNAベイスターズ,浜地 真澄,15,2,0,0,0,0,0,0,0,1.000,58,14,10,1,1,0,1,16,0,0,7,2,1.29,71675134
2026-06-03 15:53:56,Central,横浜DeNAベイスターズ,馬場 皐輔,15,0,0,0,0,0,0,0,0,.000,55,13,13,0,3,0,0,17,1,0,4,2,1.38,41445136
2026-06-03 15:53:56,Central,横浜DeNAベイスターズ,深沢 鳳介,7,3,0,0,0,0,0,0,0,1.000,101,25.2,25,1,5,0,1,15,2,0,7,6,2.10,61665155
2026-06-03 15:53:56,Central,横浜DeNAベイスターズ,藤浪 晋太郎,6,1,1,0,0,0,0,0,0,.500,80,19,14,0,8,0,1,21,0,1,7,3,1.42,41045137
2026-06-03 15:53:56,Central,横浜DeNAベイスターズ,堀岡 隼人,11,2,0,4,0,0,0,0,0,1.000,41,11.1,4,0,4,0,0,6,0,0,1,0,0.00,71875134
2026-06-03 15:53:56,Central,横浜DeNAベイスターズ,マルセリーノ,6,1,0,1,0,0,0,0,0,1.000,24,6,4,0,2,0,0,11,2,0,2,2,3.00,33235155
2026-06-03 15:53:56,Central,横浜DeNAベイスターズ,松本 隆之介,1,0,0,0,0,0,0,0,0,.000,15,4,1,0,2,0,1,2,0,0,0,0,0.00,93195153
2026-06-03 15:53:56,Central,横浜DeNAベイスターズ,松本 凌人,16,0,0,0,0,0,0,0,0,.000,61,15.1,12,1,5,0,0,17,0,0,4,2,1.17,23125159
2026-06-03 15:53:56,Central,横浜DeNAベイスターズ,宮城 滝太,2,0,0,0,0,0,0,0,0,.000,6,2,1,0,0,0,0,0,0,0,0,0,0.00,51855138
2026-06-03 15:53:56,Central,横浜DeNAベイスターズ,森下 瑠大,1,0,0,0,0,0,0,0,0,.000,3,1,0,0,0,0,0,3,0,0,0,0,0.00,63165157
2026-06-03 15:53:56,Central,横浜DeNAベイスターズ,吉岡 暖,4,0,0,0,0,0,0,0,0,.000,15,4,3,0,0,0,0,5,0,0,1,1,2.25,73375150
2026-06-03 15:53:56,Central,横浜DeNAベイスターズ,吉野 光樹,5,0,1,0,0,0,0,0,0,.000,31,7.2,3,0,2,0,0,18,0,0,2,0,0.00,33535157
2026-06-03 15:53:56,Central,横浜DeNAベイスターズ,ルイーズ,2,0,0,0,0,0,0,0,0,.000,8,2,1,0,1,0,0,2,0,0,0,0,0.00,53955152
2026-06-03 15:53:56,Central,横浜DeNAベイスターズ,若松 尚輝,12,1,0,0,0,0,0,0,0,1.000,52,13,8,0,5,0,0,11,1,0,1,1,0.69,63365150
2026-06-03 15:53:56,Central,読売ジャイアンツ,赤星 優志,15,3,2,0,2,4,0,0,0,.600,89,21.2,18,1,6,1,2,16,0,0,5,5,2.08,51155155
2026-06-03 15:53:56,Central,読売ジャイアンツ,石川 達也,6,0,0,0,0,0,0,0,0,.000,34,6.1,13,2,4,0,0,5,0,0,12,12,17.05,61165153
2026-06-03 15:53:56,Central,読売ジャイアンツ,泉 圭輔,2,0,0,0,0,0,0,0,0,.000,8,2,2,0,1,0,0,1,0,0,0,0,0.00,01105138
2026-06-03 15:53:56,Central,読売ジャイアンツ,井上 温大,8,4,4,0,0,0,0,0,0,.500,186,46.2,39,3,11,1,1,47,1,0,19,16,3.09,51355151
2026-06-03 15:53:56,Central,読売ジャイアンツ,ウィットリー,7,1,3,0,0,0,0,0,0,.250,157,38.2,27,5,15,0,1,44,1,0,18,15,3.49,53355152
2026-06-03 15:53:56,Central,読売ジャイアンツ,北浦 竜次,11,0,0,0,2,2,0,0,0,.000,43,9.2,13,3,2,0,0,5,0,0,11,11,10.24,01505136
2026-06-03 15:53:56,Central,読売ジャイアンツ,大勢,22,1,0,3,15,16,0,0,0,1.000,73,21.1,7,2,3,0,1,22,0,0,4,4,1.69,81085155
2026-06-03 15:53:56,Central,読売ジャイアンツ,高梨 雄平,10,1,0,0,4,5,0,0,0,1.000,29,5.2,9,1,3,1,0,9,0,0,1,1,1.59,91095134
2026-06-03 15:53:56,Central,読売ジャイアンツ,竹丸 和幸,9,5,4,0,0,0,1,0,0,.556,227,54.1,52,5,16,0,1,51,1,0,20,18,2.98,71275152
2026-06-03 15:53:56,Central,読売ジャイアンツ,田中 瑛斗,23,1,0,1,15,16,0,0,0,1.000,74,19.2,13,0,4,1,1,15,0,0,1,1,0.46,61065136
2026-06-03 15:53:56,Central,読売ジャイアンツ,田中 将大,8,3,2,0,0,0,0,0,0,.600,190,44.2,46,2,13,2,0,34,0,0,19,15,3.02,11215114
2026-06-03 15:53:56,Central,読売ジャイアンツ,田和 廉,22,0,0,0,2,2,0,0,0,.000,78,19.1,13,0,6,0,2,11,0,0,3,3,1.40,21225152
2026-06-03 15:53:56,Central,読売ジャイアンツ,戸郷 翔征,5,2,1,0,0,0,0,0,0,.667,106,25,24,2,7,0,4,23,1,0,9,9,3.24,41045138
2026-06-03 15:53:56,Central,読売ジャイアンツ,中川 皓太,18,1,0,0,6,7,0,0,0,1.000,63,14,15,2,4,1,0,11,0,0,4,4,2.57,81285132
2026-06-03 15:53:56,Central,読売ジャイアンツ,西舘 勇陽,1,1,0,0,0,0,0,0,0,1.000,25,6,4,0,3,0,0,8,0,0,0,0,0.00,31635159
2026-06-03 15:53:56,Central,読売ジャイアンツ,則本 昂大,7,1,3,0,0,0,0,0,0,.250,165,39.2,45,6,8,0,1,27,0,0,18,18,4.08,51055137
2026-06-03 15:53:56,Central,読売ジャイアンツ,ハワード,2,0,1,0,0,0,0,0,0,.000,43,9.1,9,0,7,1,0,14,0,0,5,4,3.86,23725150
2026-06-03 15:53:56,Central,読売ジャイアンツ,船迫 大雅,18,1,1,0,8,9,0,0,0,.500,52,13.1,5,1,7,1,2,11,0,0,4,4,2.70,31835157
2026-06-03 15:53:56,Central,読売ジャイアンツ,堀田 賢慎,7,1,0,0,0,1,0,0,0,1.000,43,11.2,7,1,2,0,0,10,0,0,1,1,0.77,21625151
2026-06-03 15:53:56,Central,読売ジャイアンツ,マタ,3,0,1,0,0,0,0,0,0,.000,62,13.2,12,0,8,0,2,15,0,0,5,5,3.29,53755152
2026-06-03 15:53:56,Central,読売ジャイアンツ,マルティネス,20,1,1,17,1,2,0,0,0,.500,71,19.1,11,0,4,0,0,23,0,0,4,4,1.86,23925134
2026-06-03 15:53:56,Central,読売ジャイアンツ,又木 鉄平,4,1,1,0,0,1,0,0,0,.500,54,11.1,15,0,7,0,1,7,0,0,4,4,3.18,33135159
2026-06-03 15:53:56,Central,読売ジャイアンツ,宮原 駿介,5,1,0,0,0,1,0,0,0,1.000,20,4.1,6,0,3,0,0,3,0,1,1,1,2.08,13115150
2026-06-03 15:53:56,Central,読売ジャイアンツ,森田 駿哉,2,0,0,0,0,0,0,0,0,.000,40,8.2,11,2,2,0,1,7,0,0,7,7,7.27,43345159
2026-06-03 15:53:56,Central,読売ジャイアンツ,山城 京平,1,0,0,0,0,0,0,0,0,.000,13,2,3,0,3,0,2,1,0,0,5,5,22.50,43145152
2026-06-03 15:53:56,Central,読売ジャイアンツ,ルシアーノ,11,0,1,0,6,6,0,0,0,.000,44,11,7,2,6,0,0,8,0,0,4,4,3.27,03005157
2026-06-03 15:53:56,Central,読売ジャイアンツ,赤星 優志,1,0,0,1,0,0,0,0,0,.000,19,4,3,1,2,0,1,5,0,0,4,3,6.75,51155155
2026-06-03 15:53:56,Central,読売ジャイアンツ,石川 達也,9,0,0,1,0,0,0,0,0,.000,41,9.2,8,1,2,0,1,15,3,0,1,1,0.93,61165153
2026-06-03 15:53:56,Central,読売ジャイアンツ,泉 圭輔,11,0,2,1,0,0,0,0,0,.000,96,20,31,1,5,0,0,17,1,0,12,7,3.15,01105138
2026-06-03 15:53:56,Central,読売ジャイアンツ,井上 温大,3,2,0,0,0,0,0,0,0,1.000,68,17,14,1,4,0,0,26,0,0,2,1,0.53,51355151
2026-06-03 15:53:56,Central,読売ジャイアンツ,ウィットリー,1,0,0,0,0,0,0,0,0,.000,16,4,4,0,1,0,0,4,0,0,0,0,0.00,53355152
2026-06-03 15:53:56,Central,読売ジャイアンツ,北浦 竜次,7,0,1,0,0,0,0,0,0,.000,31,6.1,8,0,4,0,1,2,0,0,2,2,2.84,01505136
2026-06-03 15:53:56,Central,読売ジャイアンツ,河野 優作,6,0,0,0,0,0,0,0,0,.000,21,6,6,0,1,0,0,3,0,0,3,3,4.50,21725152
2026-06-03 15:53:56,Central,読売ジャイアンツ,代木 大和,2,0,1,0,0,0,0,0,0,.000,19,5,4,0,0,0,0,3,0,0,1,1,1.80,11015155
2026-06-03 15:53:56,Central,読売ジャイアンツ,園田 純規,8,2,3,0,0,0,2,1,0,.400,200,48.1,56,5,7,1,1,20,0,0,16,15,2.79,21025159
2026-06-03 15:53:56,Central,読売ジャイアンツ,大勢,1,0,0,0,0,0,0,0,0,.000,4,1,0,0,0,0,0,2,0,0,0,0,0.00,81085155
2026-06-03 15:53:56,Central,読売ジャイアンツ,高梨 雄平,5,0,0,0,0,0,0,0,0,.000,16,4.1,2,0,1,0,1,3,0,0,1,1,2.08,91095134
2026-06-03 15:53:56,Central,読売ジャイアンツ,田中 将大,1,0,1,0,0,0,0,0,0,.000,17,3,5,0,3,0,0,1,0,0,2,2,6.00,11215114
2026-06-03 15:53:56,Central,読売ジャイアンツ,田村 朋輝,1,0,0,0,0,0,0,0,0,.000,6,1,2,0,1,0,0,0,1,0,1,1,9.00,41045157
2026-06-03 15:53:56,Central,読売ジャイアンツ,田和 廉,4,0,0,0,0,0,0,0,0,.000,15,4,2,0,1,0,1,2,0,0,0,0,0.00,21225152
2026-06-03 15:53:56,Central,読売ジャイアンツ,戸郷 翔征,5,3,1,0,0,0,0,0,0,.750,131,32,32,4,5,0,2,26,2,0,14,14,3.94,41045138
2026-06-03 15:53:56,Central,読売ジャイアンツ,冨重 英二郎,14,1,2,2,0,0,0,0,0,.333,76,16,22,0,7,0,3,10,1,0,15,12,6.75,61265152
2026-06-03 15:53:56,Central,読売ジャイアンツ,富田 龍,2,0,0,0,0,0,0,0,0,.000,11,3,0,0,2,0,0,4,0,0,0,0,0.00,11415155
2026-06-03 15:53:56,Central,読売ジャイアンツ,西川 歩,1,0,0,0,0,0,0,0,0,.000,26,3.2,12,0,1,0,2,1,0,0,8,4,9.82,01605150
2026-06-03 15:53:56,Central,読売ジャイアンツ,西舘 勇陽,4,2,0,0,0,0,0,0,0,1.000,71,19,8,0,4,0,3,15,2,0,3,1,0.47,31635159
2026-06-03 15:53:56,Central,読売ジャイアンツ,バルドナード,16,0,2,2,0,0,0,0,0,.000,72,15.2,17,1,9,1,1,13,1,0,7,5,2.87,23225157
2026-06-03 15:53:56,Central,読売ジャイアンツ,花田 侑樹,2,1,0,0,0,0,0,0,0,1.000,40,10,5,1,3,0,0,12,0,0,3,1,0.90,71675155
2026-06-03 15:53:56,Central,読売ジャイアンツ,板東 湧梧,12,3,0,0,0,0,0,0,0,1.000,76,18,20,2,3,0,1,7,0,0,7,6,3.00,21425138
2026-06-03 15:53:56,Central,読売ジャイアンツ,平内 龍太,16,3,1,4,0,0,0,0,0,.750,73,17,10,0,14,1,0,16,1,0,5,3,1.59,21825153
2026-06-03 15:53:56,Central,読売ジャイアンツ,堀田 賢慎,8,2,0,0,0,0,0,0,0,1.000,40,10.1,5,0,4,0,1,9,0,0,0,0,0.00,21625151
2026-06-03 15:53:56,Central,読売ジャイアンツ,堀江 正太郎,1,0,0,0,0,0,0,0,0,.000,4,1,0,0,1,0,0,1,0,0,0,0,0.00,21825150
2026-06-03 15:53:56,Central,読売ジャイアンツ,マタ,6,2,2,0,0,0,0,0,0,.500,123,27,28,0,11,0,2,23,1,1,16,10,3.33,53755152
2026-06-03 15:53:56,Central,読売ジャイアンツ,マルティネス,1,0,0,0,0,0,0,0,0,.000,4,1,1,0,0,0,0,1,0,0,0,0,0.00,23925134
2026-06-03 15:53:56,Central,読売ジャイアンツ,又木 鉄平,5,4,0,0,0,0,0,0,0,1.000,111,30,22,1,6,0,0,18,1,0,4,4,1.20,33135159
2026-06-03 15:53:56,Central,読売ジャイアンツ,松浦 慶斗,16,1,1,0,0,0,0,0,0,.500,79,19.2,15,1,6,0,0,19,0,0,9,9,4.12,33135155
2026-06-03 15:53:56,Central,読売ジャイアンツ,宮原 駿介,10,0,0,0,0,0,0,0,0,.000,37,9.1,6,1,4,0,0,10,1,1,5,4,3.86,13115150
2026-06-03 15:53:56,Central,読売ジャイアンツ,森田 駿哉,8,5,1,0,0,0,1,1,0,.833,179,43.2,31,3,11,0,2,23,1,1,15,8,1.65,43345159
2026-06-03 15:53:56,Central,読売ジャイアンツ,山﨑 伊織,1,0,0,0,0,0,0,0,0,.000,0,+,0,0,0,0,0,0,0,0,0,0,0.00,03305153
2026-06-03 15:53:56,Central,読売ジャイアンツ,山城 京平,10,0,0,0,0,0,0,0,0,.000,114,25.1,19,1,17,0,4,17,2,0,9,7,2.49,43145152
2026-06-03 15:53:56,Central,読売ジャイアンツ,山田 龍聖,15,2,3,2,0,0,1,1,0,.400,183,45,38,4,17,1,0,29,4,0,18,18,3.60,53555155
2026-06-03 15:53:56,Central,読売ジャイアンツ,ルシアーノ,10,0,1,0,0,0,0,0,0,.000,43,9.1,8,1,8,0,0,11,2,0,6,5,4.82,03005157
2026-06-03 15:53:56,Central,中日ドラゴンズ,アブレウ,1,0,0,0,0,0,0,0,0,.000,6,0.1,4,0,1,0,0,0,0,0,4,4,108.00,73575159
2026-06-03 15:53:56,Central,中日ドラゴンズ,伊藤 茉央,5,0,0,0,0,0,0,0,0,.000,16,4.1,2,0,0,0,0,3,0,0,0,0,0.00,61165157
2026-06-03 15:53:56,Central,中日ドラゴンズ,梅野 雄吾,2,0,0,0,0,0,0,0,0,.000,14,2.1,4,0,4,0,0,3,1,0,4,4,15.43,51355134
2026-06-03 15:53:56,Central,中日ドラゴンズ,大野 雄大,9,5,2,0,0,0,2,0,1,.714,237,60,46,4,12,1,3,45,0,0,13,12,1.80,11515133
2026-06-03 15:53:56,Central,中日ドラゴンズ,勝野 昌慶,6,0,2,0,0,0,0,0,0,.000,27,5,4,1,6,2,0,9,0,0,6,5,9.00,21525138
2026-06-03 15:53:56,Central,中日ドラゴンズ,金丸 夢斗,9,4,4,0,0,0,0,0,0,.500,237,57.1,56,3,10,1,3,45,0,0,19,17,2.67,61565150
2026-06-03 15:53:56,Central,中日ドラゴンズ,近藤 廉,3,0,0,0,0,0,0,0,0,.000,15,3.1,3,0,3,0,0,3,0,0,3,3,8.10,11015153
2026-06-03 15:53:56,Central,中日ドラゴンズ,齋藤 綱記,23,0,1,0,4,4,0,0,0,.000,82,18,16,1,9,0,2,19,2,0,9,5,2.50,11915130
2026-06-03 15:53:56,Central,中日ドラゴンズ,櫻井 頼之介,8,1,3,0,0,0,0,0,0,.250,158,35.1,41,5,12,0,0,42,0,0,23,22,5.60,21925152
2026-06-03 15:53:56,Central,中日ドラゴンズ,篠﨑 国忠,1,0,0,0,0,0,0,0,0,.000,3,0.2,0,0,1,0,0,1,0,0,0,0,0.00,81985152
2026-06-03 15:53:56,Central,中日ドラゴンズ,清水 達也,4,0,0,0,0,0,0,0,0,.000,23,3.1,10,1,3,1,0,3,0,0,6,5,13.50,01905136
2026-06-03 15:53:56,Central,中日ドラゴンズ,杉浦 稔大,11,1,2,0,4,5,0,0,0,.333,46,9.2,12,1,6,0,0,9,0,0,7,7,6.52,
2026-06-03 15:53:56,Central,中日ドラゴンズ,髙橋 宏斗,9,1,6,0,0,0,1,0,0,.143,233,53.2,56,2,25,3,1,58,2,0,32,29,4.86,61265153
2026-06-03 15:53:56,Central,中日ドラゴンズ,仲地 礼亜,4,0,0,0,0,0,0,0,0,.000,34,7,11,1,3,0,0,8,1,0,8,8,10.29,41245157
2026-06-03 15:53:56,Central,中日ドラゴンズ,中西 聖輝,4,1,2,0,0,0,0,0,0,.333,101,22.1,20,2,9,1,3,28,2,0,14,14,5.64,51455152
2026-06-03 15:53:56,Central,中日ドラゴンズ,根尾 昂,9,1,1,0,0,1,0,0,0,.500,40,9,9,3,3,0,1,13,0,0,5,5,5.00,81285138
2026-06-03 15:53:56,Central,中日ドラゴンズ,橋本 侑樹,6,0,0,0,4,4,0,0,0,.000,22,6,4,0,0,0,0,7,0,0,0,0,0.00,21425151
2026-06-03 15:53:56,Central,中日ドラゴンズ,福 敬登,3,0,0,0,0,0,0,0,0,.000,9,2.1,2,1,1,0,0,2,1,0,1,1,3.86,41645132
2026-06-03 15:53:56,Central,中日ドラゴンズ,藤嶋 健人,21,0,1,0,5,5,0,0,0,.000,78,19.1,13,1,8,1,1,13,0,0,5,5,2.33,21625134
2026-06-03 15:53:56,Central,中日ドラゴンズ,マラー,6,1,3,0,0,0,0,0,0,.250,153,39.1,32,2,7,0,1,33,0,0,14,13,2.97,13915150
2026-06-03 15:53:56,Central,中日ドラゴンズ,牧野 憲伸,19,0,3,0,2,2,0,0,0,.000,60,14,10,2,9,0,0,8,2,0,6,6,3.86,37035159
2026-06-03 15:53:56,Central,中日ドラゴンズ,松山 晋也,12,0,1,8,1,1,0,0,0,.000,48,11.1,8,0,3,0,2,12,0,0,4,3,2.38,61865157
2026-06-03 15:53:56,Central,中日ドラゴンズ,メヒア,18,0,1,0,4,4,0,0,0,.000,74,17,19,1,4,0,2,13,1,0,6,6,3.18,93295157
2026-06-03 15:53:56,Central,中日ドラゴンズ,柳 裕也,10,4,1,0,0,0,1,1,0,.800,260,64,57,3,17,1,1,58,0,0,16,15,2.11,63165134
2026-06-03 15:53:56,Central,中日ドラゴンズ,吉田 聖弥,13,0,1,0,2,2,0,0,0,.000,50,11.2,7,0,7,1,0,12,0,0,1,1,0.77,93395150
2026-06-03 15:53:56,Central,中日ドラゴンズ,アブレウ,2,0,0,0,0,0,0,0,0,.000,11,1.2,3,0,2,0,1,1,0,0,2,2,10.80,73575159
2026-06-03 15:53:56,Central,中日ドラゴンズ,有馬 惠叶,7,0,2,0,0,0,0,0,0,.000,46,10.1,11,1,5,0,0,5,0,1,7,5,4.35,91195150
2026-06-03 15:53:56,Central,中日ドラゴンズ,伊藤 茉央,12,1,0,0,0,0,0,0,0,1.000,54,13.1,11,1,4,0,0,8,0,0,6,6,4.05,61165157
2026-06-03 15:53:56,Central,中日ドラゴンズ,井上 剣也,15,0,0,1,0,0,0,0,0,.000,65,14.1,7,0,15,0,1,12,2,0,10,7,4.40,51355150
2026-06-03 15:53:56,Central,中日ドラゴンズ,梅野 雄吾,15,0,1,1,0,0,0,0,0,.000,61,14,14,1,6,0,2,13,0,0,10,8,5.14,51355134
2026-06-03 15:53:56,Central,中日ドラゴンズ,勝野 昌慶,12,0,1,3,0,0,0,0,0,.000,48,10.2,15,0,2,0,0,14,1,0,5,4,3.38,21525138
2026-06-03 15:53:56,Central,中日ドラゴンズ,金丸 夢斗,1,0,1,0,0,0,0,0,0,.000,21,5,5,0,2,0,0,5,1,0,1,1,1.80,61565150
2026-06-03 15:53:56,Central,中日ドラゴンズ,草加 勝,5,1,1,0,0,0,0,0,0,.500,95,22,21,2,9,0,0,21,0,2,12,12,4.91,91795159
2026-06-03 15:53:56,Central,中日ドラゴンズ,近藤 廉,12,0,1,0,0,0,0,0,0,.000,46,10,5,0,11,0,0,13,3,0,4,2,1.80,11015153
2026-06-03 15:53:56,Central,中日ドラゴンズ,齋藤 綱記,3,0,0,0,0,0,0,0,0,.000,11,3,1,1,1,0,0,5,0,0,2,2,6.00,11915130
2026-06-03 15:53:56,Central,中日ドラゴンズ,櫻井 頼之介,2,0,0,0,0,0,0,0,0,.000,6,2,1,0,0,0,0,1,0,0,0,0,0.00,21925152
2026-06-03 15:53:56,Central,中日ドラゴンズ,篠﨑 国忠,10,0,0,2,0,0,0,0,0,.000,33,9.1,1,0,5,0,0,7,2,0,0,0,0.00,81985152
2026-06-03 15:53:56,Central,中日ドラゴンズ,清水 達也,8,0,0,0,0,0,0,0,0,.000,24,7.1,2,0,2,0,0,8,0,0,0,0,0.00,01905136
2026-06-03 15:53:56,Central,中日ドラゴンズ,杉浦 稔大,2,0,0,0,0,0,0,0,0,.000,6,2,0,0,0,0,0,3,0,0,0,0,0.00,
2026-06-03 15:53:56,Central,中日ドラゴンズ,高橋 幸佑,8,1,2,0,0,0,0,0,0,.333,78,16,26,2,4,0,2,7,1,0,14,12,6.75,41245150
2026-06-03 15:53:56,Central,中日ドラゴンズ,仲地 礼亜,6,2,1,0,0,0,0,0,0,.667,110,28,22,2,12,0,0,20,2,0,8,8,2.57,41245157
2026-06-03 15:53:56,Central,中日ドラゴンズ,中西 聖輝,3,2,0,0,0,0,0,0,0,1.000,69,18,11,0,2,0,3,16,0,1,0,0,0.00,51455152
2026-06-03 15:53:56,Central,中日ドラゴンズ,根尾 昂,5,0,1,0,0,0,0,0,0,.000,22,5,4,0,3,0,1,8,4,0,2,2,3.60,81285138
2026-06-03 15:53:56,Central,中日ドラゴンズ,橋本 侑樹,5,0,0,0,0,0,0,0,0,.000,20,5,5,0,0,0,0,6,0,0,1,1,1.80,21425151
2026-06-03 15:53:56,Central,中日ドラゴンズ,土生 翔太,5,0,0,0,0,0,0,0,0,.000,20,5,5,0,2,0,1,1,0,0,0,0,0.00,51655159
2026-06-03 15:53:56,Central,中日ドラゴンズ,福 敬登,12,0,1,4,0,0,0,0,0,.000,41,11.1,7,0,1,0,0,14,0,0,1,1,0.79,41645132
2026-06-03 15:53:56,Central,中日ドラゴンズ,福田 幸之介,16,1,0,2,0,0,0,0,0,1.000,103,22.1,17,1,16,1,6,16,3,0,11,7,2.82,31835159
2026-06-03 15:53:56,Central,中日ドラゴンズ,藤嶋 健人,1,0,0,0,0,0,0,0,0,.000,3,1,0,0,0,0,0,1,0,0,0,0,0.00,21625134
2026-06-03 15:53:56,Central,中日ドラゴンズ,マラー,5,3,0,0,0,0,0,0,0,1.000,96,24.2,18,1,4,0,0,18,2,0,3,2,0.73,13915150
2026-06-03 15:53:56,Central,中日ドラゴンズ,マルティネス,5,2,0,0,0,0,0,0,0,1.000,37,10,7,1,2,0,1,5,0,0,3,3,2.70,33935150
2026-06-03 15:53:56,Central,中日ドラゴンズ,松木平 優太,8,2,3,0,0,0,0,0,0,.400,122,24.1,39,5,10,0,1,11,2,0,28,26,9.62,73175153
2026-06-03 15:53:56,Central,中日ドラゴンズ,松葉 貴大,9,1,5,0,0,0,0,0,0,.167,173,40,50,6,9,0,0,19,3,0,20,20,4.50,21225137
2026-06-03 15:53:56,Central,中日ドラゴンズ,松山 晋也,1,0,0,0,0,0,0,0,0,.000,3,1,0,0,0,0,0,1,0,0,0,0,0.00,61865157
2026-06-03 15:53:56,Central,中日ドラゴンズ,三浦 瑞樹,7,4,2,0,0,0,1,1,0,.667,145,35,35,0,13,0,0,12,0,0,12,11,2.83,23125155
2026-06-03 15:53:56,Central,中日ドラゴンズ,森 博人,12,0,0,0,0,0,0,0,0,.000,45,11,8,0,3,0,0,9,1,0,4,1,0.82,53355153
2026-06-03 15:53:56,Central,中日ドラゴンズ,森山 暁生,6,2,0,0,0,0,0,0,0,1.000,105,25,28,1,3,0,0,16,1,0,14,14,5.04,33335157
2026-06-03 15:53:56,Central,中日ドラゴンズ,吉田 聖弥,4,1,0,0,0,0,0,0,0,1.000,42,9.2,10,0,5,0,1,4,0,0,5,5,4.66,93395150
2026-06-03 15:53:56,Central,中日ドラゴンズ,涌井 秀章,11,2,5,0,0,0,0,0,0,.286,239,55,69,2,13,0,0,34,3,0,36,32,5.24,31635110
2026-06-03 15:53:56,Central,広島東洋カープ,赤木 晴哉,6,0,0,0,0,0,0,0,0,.000,33,6.2,12,0,1,0,0,3,0,0,5,5,6.75,31135152
2026-06-03 15:53:56,Central,広島東洋カープ,遠藤 淳志,16,0,1,0,5,5,0,0,0,.000,67,16.2,14,1,4,1,0,18,1,0,4,4,2.16,71375136
2026-06-03 15:53:56,Central,広島東洋カープ,大瀬良 大地,2,0,2,0,0,0,0,0,0,.000,37,7.1,14,0,2,0,0,4,1,0,8,8,9.82,61365139
2026-06-03 15:53:56,Central,広島東洋カープ,岡本 駿,9,3,3,0,0,0,0,0,0,.500,200,47.2,41,3,21,1,0,39,2,0,14,14,2.64,91595150
2026-06-03 15:53:56,Central,広島東洋カープ,栗林 良吏,7,4,2,0,0,0,2,2,1,.667,169,47,20,1,6,0,1,43,0,0,8,6,1.15,91995153
2026-06-03 15:53:56,Central,広島東洋カープ,齊藤 汰直,10,0,1,0,1,1,0,0,0,.000,49,9.2,18,1,4,0,0,5,1,0,10,10,9.31,51955152
2026-06-03 15:53:56,Central,広島東洋カープ,島内 颯太郎,5,0,1,0,1,1,0,0,0,.000,22,4.1,4,0,5,1,1,4,0,0,4,4,8.31,31935138
2026-06-03 15:53:56,Central,広島東洋カープ,鈴木 健矢,13,0,1,0,0,0,0,0,0,.000,79,19,16,1,9,1,2,7,0,0,7,7,3.32,61065151
2026-06-03 15:53:56,Central,広島東洋カープ,ターノック,6,0,2,0,0,0,0,0,0,.000,141,33,32,0,10,0,2,33,1,1,12,12,3.27,43545152
2026-06-03 15:53:56,Central,広島東洋カープ,髙 太一,17,0,1,0,8,8,0,0,0,.000,58,15,6,0,7,0,1,13,0,0,3,1,0.60,41045159
2026-06-03 15:53:56,Central,広島東洋カープ,玉村 昇悟,4,1,1,0,0,0,0,0,0,.500,97,24,23,2,4,0,1,17,0,1,5,5,1.88,41245151
2026-06-03 15:53:56,Central,広島東洋カープ,辻 大雅,8,0,1,0,0,0,0,0,0,.000,36,8.1,7,2,5,0,0,9,0,0,7,7,7.56,81085157
2026-06-03 15:53:56,Central,広島東洋カープ,常廣 羽也斗,4,0,0,0,0,0,0,0,0,.000,20,4,3,0,5,0,0,3,0,0,0,0,0.00,31435159
2026-06-03 15:53:56,Central,広島東洋カープ,床田 寛樹,10,3,2,0,0,0,0,0,0,.600,265,65.1,62,5,11,1,1,46,2,0,20,17,2.34,11415134
2026-06-03 15:53:56,Central,広島東洋カープ,中﨑 翔太,19,1,3,5,5,6,0,0,0,.250,75,18,10,2,11,2,1,15,0,0,6,6,3.00,31235133
2026-06-03 15:53:56,Central,広島東洋カープ,ハーン,21,1,1,1,16,17,0,0,0,.500,77,19.2,10,0,6,1,1,25,2,0,4,2,0.92,73975159
2026-06-03 15:53:56,Central,広島東洋カープ,塹江 敦哉,16,1,1,0,0,1,0,0,0,.500,72,18.1,12,0,7,0,1,21,0,0,4,4,1.96,21625130
2026-06-03 15:53:56,Central,広島東洋カープ,益田 武尚,8,0,0,0,0,0,0,0,0,.000,41,9,13,0,1,0,0,6,0,0,3,3,3.00,91895157
2026-06-03 15:53:56,Central,広島東洋カープ,森 翔平,3,0,0,0,0,0,0,0,0,.000,71,17,16,1,4,0,1,11,2,0,4,3,1.59,93395155
2026-06-03 15:53:56,Central,広島東洋カープ,森浦 大輔,21,2,2,5,5,7,0,0,0,.500,81,19.2,18,2,4,0,1,23,0,0,11,8,3.66,73375153
2026-06-03 15:53:56,Central,広島東洋カープ,森下 暢仁,9,3,5,0,0,0,0,0,0,.375,206,46.1,51,4,16,3,2,42,1,0,25,23,4.47,53155151
2026-06-03 15:53:56,Central,広島東洋カープ,アドゥワ 誠,10,1,5,0,0,0,0,0,0,.167,141,32.1,34,1,13,0,1,14,1,0,14,12,3.34,31135134
2026-06-03 15:53:56,Central,広島東洋カープ,アリア,10,0,1,0,0,0,0,0,0,.000,46,9.1,9,2,10,0,1,8,0,0,11,11,10.61,63965152
2026-06-03 15:53:56,Central,広島東洋カープ,赤木 晴哉,3,0,0,0,0,0,0,0,0,.000,50,12.2,12,0,3,0,0,10,0,0,2,2,1.42,31135152
2026-06-03 15:53:56,Central,広島東洋カープ,遠藤 淳志,6,1,1,1,0,0,0,0,0,.500,35,8.1,8,0,4,0,0,2,0,0,4,4,4.32,71375136
2026-06-03 15:53:56,Central,広島東洋カープ,大瀬良 大地,6,3,1,0,0,0,0,0,0,.750,133,33.2,28,1,4,0,0,28,0,0,6,6,1.60,61365139
2026-06-03 15:53:56,Central,広島東洋カープ,岡本 駿,1,0,0,0,0,0,0,0,0,.000,11,3,1,0,0,0,1,2,0,0,0,0,0.00,91595150
2026-06-03 15:53:56,Central,広島東洋カープ,河野 佳,11,2,1,1,0,0,0,0,0,.667,178,45.1,37,3,11,0,0,25,1,2,12,10,1.99,71575157
2026-06-03 15:53:56,Central,広島東洋カープ,菊地 ハルン,19,0,0,2,0,0,0,0,0,.000,91,23,18,0,6,0,0,16,1,1,4,3,1.17,91795150
2026-06-03 15:53:56,Central,広島東洋カープ,工藤 泰己,15,0,2,1,0,0,0,0,0,.000,77,15,22,2,12,0,2,3,2,0,16,16,9.60,91795152
2026-06-03 15:53:56,Central,広島東洋カープ,黒原 拓未,3,0,1,0,0,0,0,0,0,.000,11,2.1,2,0,1,0,0,1,0,0,1,1,3.86,41745155
2026-06-03 15:53:56,Central,広島東洋カープ,ケムナ 誠,14,3,3,0,0,0,0,0,0,.500,73,16.1,19,0,7,2,1,10,2,0,9,8,4.41,71775136
2026-06-03 15:53:56,Central,広島東洋カープ,小船 翼,1,0,0,0,0,0,0,0,0,.000,6,1,2,1,1,0,0,1,0,0,1,1,9.00,91995150
2026-06-03 15:53:56,Central,広島東洋カープ,齊藤 汰直,6,0,1,1,0,0,0,0,0,.000,30,5.2,11,0,3,0,0,2,1,0,6,6,9.53,51955152
2026-06-03 15:53:56,Central,広島東洋カープ,斉藤 優汰,6,2,0,0,0,0,0,0,0,1.000,69,17.2,9,1,7,0,0,17,0,0,4,2,1.02,61765157
2026-06-03 15:53:56,Central,広島東洋カープ,佐藤 柳之介,10,1,4,0,0,0,0,0,0,.200,252,62,51,1,20,0,2,56,3,0,23,19,2.76,71075150
2026-06-03 15:53:56,Central,広島東洋カープ,島内 颯太郎,9,0,1,0,0,0,0,0,0,.000,46,9,12,0,2,0,4,9,1,0,6,6,6.00,31935138
2026-06-03 15:53:56,Central,広島東洋カープ,杉田 健,17,0,0,1,0,0,0,0,0,.000,113,30,22,1,4,0,1,18,2,0,4,4,1.20,51055159
2026-06-03 15:53:56,Central,広島東洋カープ,杉原 望来,6,0,0,0,0,0,0,0,0,.000,47,12,8,2,4,0,0,4,1,0,3,2,1.50,71075159
2026-06-03 15:53:56,Central,広島東洋カープ,鈴木 健矢,1,0,0,0,0,0,0,0,0,.000,3,1,0,0,0,0,0,1,0,0,0,0,0.00,61065151
2026-06-03 15:53:56,Central,広島東洋カープ,髙 太一,3,0,2,0,0,0,0,0,0,.000,66,13,22,0,5,0,1,9,1,1,13,11,7.62,41045159
2026-06-03 15:53:56,Central,広島東洋カープ,高橋 昂也,14,0,1,2,0,0,0,0,0,.000,88,17.2,21,0,14,0,0,13,3,0,12,11,5.60,01005134
2026-06-03 15:53:56,Central,広島東洋カープ,竹下 海斗,2,0,1,0,0,0,0,0,0,.000,11,1,5,0,1,0,0,0,0,1,4,0,0.00,61265150
2026-06-03 15:53:56,Central,広島東洋カープ,玉村 昇悟,4,2,1,0,0,0,1,0,0,.667,90,23,21,0,5,0,0,19,0,0,6,6,2.35,41245151
2026-06-03 15:53:56,Central,広島東洋カープ,辻 大雅,6,0,0,0,0,0,0,0,0,.000,22,5.1,4,1,3,0,0,6,0,0,3,3,5.06,81085157
2026-06-03 15:53:56,Central,広島東洋カープ,常廣 羽也斗,9,0,0,1,0,0,0,0,0,.000,39,9,9,0,4,0,0,8,0,0,3,3,3.00,31435159
2026-06-03 15:53:56,Central,広島東洋カープ,長谷部 銀次,6,0,2,0,0,0,0,0,0,.000,34,6.1,12,0,3,0,0,6,0,0,7,6,8.53,51655157
2026-06-03 15:53:56,Central,広島東洋カープ,日髙 暖己,4,0,0,0,0,0,0,0,0,.000,17,4,3,1,2,0,0,7,0,0,2,2,4.50,41645157
2026-06-03 15:53:56,Central,広島東洋カープ,塹江 敦哉,5,0,1,0,0,0,0,0,0,.000,37,9.1,6,0,2,0,0,10,0,0,3,1,0.96,21625130
2026-06-03 15:53:56,Central,広島東洋カープ,益田 武尚,8,0,0,0,0,0,0,0,0,.000,35,8,5,0,2,0,3,6,1,0,2,1,1.13,91895157
2026-06-03 15:53:56,Central,広島東洋カープ,松本 竜也,15,3,0,0,0,0,0,0,0,1.000,68,17.1,16,2,4,0,0,19,1,0,6,6,3.12,73175155
2026-06-03 15:53:56,Central,広島東洋カープ,森 翔平,3,0,2,0,0,0,0,0,0,.000,52,12,17,1,1,0,0,10,0,0,6,5,3.75,93395155
2026-06-03 15:53:56,Central,広島東洋カープ,森下 暢仁,1,0,0,0,0,0,0,0,0,.000,12,3,3,1,0,0,0,3,0,0,1,1,3.00,53155151
2026-06-03 15:53:56,Central,東京ヤクルトスワローズ,石原 勇輝,1,0,1,0,0,0,0,0,0,.000,14,3,2,0,3,0,0,1,0,0,1,1,3.00,41145159
2026-06-03 15:53:56,Central,東京ヤクルトスワローズ,ウォルターズ,2,0,2,0,0,0,0,0,0,.000,47,8.1,17,1,5,0,1,7,1,0,10,10,10.80,63965150
2026-06-03 15:53:56,Central,東京ヤクルトスワローズ,オスナ,1,0,0,0,0,0,0,0,0,.000,2,0.2,0,0,1,0,0,0,0,0,0,0,0.00,23525153
2026-06-03 15:53:56,Central,東京ヤクルトスワローズ,大西 広樹,5,0,0,0,2,2,0,0,0,.000,18,3.2,6,1,1,0,0,1,1,0,5,5,12.27,41545151
2026-06-03 15:53:56,Central,東京ヤクルトスワローズ,大道 温貴,1,0,0,0,0,0,0,0,0,.000,12,1.2,5,0,1,0,0,1,1,0,5,3,16.20,41545153
2026-06-03 15:53:56,Central,東京ヤクルトスワローズ,小川 泰弘,6,1,3,0,0,0,0,0,0,.250,142,33,28,5,15,1,3,21,0,0,23,18,4.91,11515137
2026-06-03 15:53:56,Central,東京ヤクルトスワローズ,奥川 恭伸,8,2,4,0,0,0,1,0,0,.333,208,52.1,46,5,9,1,0,39,0,0,17,17,2.92,31735151
2026-06-03 15:53:56,Central,東京ヤクルトスワローズ,キハダ,21,1,1,15,1,2,0,0,0,.500,92,21,11,0,13,0,3,29,0,0,4,2,0.86,63365152
2026-06-03 15:53:56,Central,東京ヤクルトスワローズ,木澤 尚文,11,0,0,0,3,3,0,0,0,.000,43,9.2,8,0,8,0,2,5,1,0,3,3,2.79,11915153
2026-06-03 15:53:56,Central,東京ヤクルトスワローズ,小澤 怜史,4,0,0,0,0,0,0,0,0,.000,29,7.2,3,0,4,0,1,6,0,0,0,0,0.00,01705132
2026-06-03 15:53:56,Central,東京ヤクルトスワローズ,阪口 皓亮,4,0,0,0,0,0,0,0,0,.000,10,2.1,1,0,2,0,0,2,0,0,0,0,0.00,81785136
2026-06-03 15:53:56,Central,東京ヤクルトスワローズ,清水 昇,17,1,0,1,5,6,0,0,0,1.000,61,16.1,10,0,1,0,0,15,0,0,2,2,1.10,51955138
2026-06-03 15:53:56,Central,東京ヤクルトスワローズ,荘司 宏太,17,3,0,0,3,6,0,0,0,1.000,74,16.1,16,2,9,0,1,25,0,0,8,8,4.41,91295150
2026-06-03 15:53:56,Central,東京ヤクルトスワローズ,高梨 裕稔,9,5,1,0,0,0,0,0,0,.833,229,56,50,7,12,0,2,48,0,0,19,17,2.73,21925139
2026-06-03 15:53:56,Central,東京ヤクルトスワローズ,高橋 奎二,3,1,1,0,0,0,0,0,0,.500,70,18,15,2,3,1,1,16,0,0,4,4,2.00,51055132
2026-06-03 15:53:56,Central,東京ヤクルトスワローズ,拓也,6,0,0,0,0,0,0,0,0,.000,29,5.2,11,2,1,0,0,5,1,0,9,9,14.29,71575134
2026-06-03 15:53:56,Central,東京ヤクルトスワローズ,田口 麗斗,10,1,0,0,1,2,0,0,0,1.000,57,11,17,2,6,1,1,10,0,0,7,5,4.09,41945139
2026-06-03 15:53:56,Central,東京ヤクルトスワローズ,廣澤 優,18,2,0,0,2,4,0,0,0,1.000,69,18,11,2,3,0,1,15,1,0,5,5,2.50,11815150
2026-06-03 15:53:56,Central,東京ヤクルトスワローズ,星 知弥,21,0,1,1,14,14,0,0,0,.000,88,20.1,22,1,6,1,0,14,0,0,4,4,1.77,11815134
2026-06-03 15:53:56,Central,東京ヤクルトスワローズ,増居 翔太,2,1,0,0,1,1,0,0,0,1.000,23,6,3,0,2,0,0,7,0,0,1,1,1.50,01805152
2026-06-03 15:53:56,Central,東京ヤクルトスワローズ,松本 健吾,9,5,1,0,0,1,0,0,0,.833,200,50.2,40,4,13,0,1,47,0,1,15,12,2.13,03105159
2026-06-03 15:53:56,Central,東京ヤクルトスワローズ,丸山 翔大,12,0,0,0,0,0,0,0,0,.000,50,13.1,8,1,2,0,0,19,0,0,4,4,2.70,43145153
2026-06-03 15:53:56,Central,東京ヤクルトスワローズ,山野 太一,9,7,1,0,0,0,0,0,0,.875,233,56.2,52,3,9,0,5,50,0,0,14,13,2.06,63365153
2026-06-03 15:53:56,Central,東京ヤクルトスワローズ,吉村 貢司郎,7,2,5,0,0,0,1,0,0,.286,146,36.2,27,5,9,1,0,30,1,0,17,16,3.93,53555157
2026-06-03 15:53:56,Central,東京ヤクルトスワローズ,リランソ,7,0,0,0,5,5,0,0,0,.000,25,6.2,3,0,2,0,0,10,0,0,0,0,0.00,13915152
2026-06-03 15:53:56,Central,東京ヤクルトスワローズ,青柳 晃洋,8,2,3,0,0,0,0,0,0,.400,141,33.1,30,2,15,0,1,31,2,0,14,14,3.78,71175132
2026-06-03 15:53:56,Central,東京ヤクルトスワローズ,飯田 琉斗,12,0,1,2,0,0,0,0,0,.000,47,12.1,11,1,0,0,0,8,0,0,5,4,2.92,01105152
2026-06-03 15:53:56,Central,東京ヤクルトスワローズ,石川 雅規,4,0,1,0,0,0,0,0,0,.000,51,10,19,0,2,0,0,11,0,0,10,9,8.10,11315115
2026-06-03 15:53:56,Central,東京ヤクルトスワローズ,石原 勇輝,10,2,0,0,0,0,0,0,0,1.000,129,29,34,4,12,0,0,18,0,0,16,15,4.66,41145159
2026-06-03 15:53:56,Central,東京ヤクルトスワローズ,石山 泰稚,6,0,1,0,0,0,0,0,0,.000,24,6,6,1,1,0,0,5,0,0,4,4,6.00,21125137
2026-06-03 15:53:56,Central,東京ヤクルトスワローズ,ウォルターズ,9,3,2,0,0,0,0,0,0,.600,156,39.2,28,1,12,0,2,35,3,1,14,10,2.27,63965150
2026-06-03 15:53:56,Central,東京ヤクルトスワローズ,大西 広樹,3,0,0,0,0,0,0,0,0,.000,16,3,6,1,0,0,1,0,0,0,4,4,12.00,41545151
2026-06-03 15:53:56,Central,東京ヤクルトスワローズ,大道 温貴,10,1,0,2,0,0,0,0,0,1.000,46,11,5,1,8,0,1,7,1,0,4,4,3.27,41545153
2026-06-03 15:53:56,Central,東京ヤクルトスワローズ,小川 泰弘,2,0,1,0,0,0,0,0,0,.000,45,11,9,1,3,0,0,7,0,0,3,3,2.45,11515137
2026-06-03 15:53:56,Central,東京ヤクルトスワローズ,奥川 恭伸,1,0,0,0,0,0,0,0,0,.000,23,6,4,1,1,0,0,4,0,0,2,2,3.00,31735151
2026-06-03 15:53:56,Central,東京ヤクルトスワローズ,木澤 尚文,4,0,1,1,0,0,0,0,0,.000,24,3.2,7,0,4,0,0,3,1,0,7,1,2.45,11915153
2026-06-03 15:53:56,Central,東京ヤクルトスワローズ,小澤 怜史,6,1,3,0,0,0,1,1,0,.250,80,17.1,22,1,9,0,0,17,0,0,13,13,6.75,01705132
2026-06-03 15:53:56,Central,東京ヤクルトスワローズ,小宮 悠瞳,1,0,0,0,0,0,0,0,0,.000,6,1,0,0,1,0,2,1,0,0,0,0,0.00,11915152
2026-06-03 15:53:56,Central,東京ヤクルトスワローズ,阪口 皓亮,13,2,1,0,0,0,0,0,0,.667,69,15,13,1,10,2,2,10,2,0,6,4,2.40,81785136
2026-06-03 15:53:56,Central,東京ヤクルトスワローズ,坂本 拓己,5,0,1,0,0,0,0,0,0,.000,74,16.1,13,1,17,0,0,11,4,0,9,9,4.96,81785157
2026-06-03 15:53:56,Central,東京ヤクルトスワローズ,佐藤 琢磨,17,1,0,0,0,0,0,0,0,1.000,82,17.2,17,0,13,0,0,14,1,0,8,6,3.06,61965155
2026-06-03 15:53:56,Central,東京ヤクルトスワローズ,下川 隼佑,10,2,2,0,0,0,0,0,0,.500,167,40.2,32,2,15,0,4,31,0,0,13,8,1.77,77575159
2026-06-03 15:53:56,Central,東京ヤクルトスワローズ,翔聖,2,1,0,0,0,0,0,0,0,1.000,10,3,1,0,0,0,0,2,0,0,0,0,0.00,53255159
2026-06-03 15:53:56,Central,東京ヤクルトスワローズ,鈴木 蓮吾,1,0,0,0,0,0,0,0,0,.000,4,1,0,0,1,0,0,1,0,0,0,0,0.00,61065152
2026-06-03 15:53:56,Central,東京ヤクルトスワローズ,高梨 裕稔,1,0,0,0,0,0,0,0,0,.000,20,6,2,0,0,0,0,9,0,0,1,0,0.00,21925139
2026-06-03 15:53:56,Central,東京ヤクルトスワローズ,高橋 奎二,7,0,1,0,0,0,0,0,0,.000,94,23.1,16,2,8,0,0,20,1,0,7,6,2.31,51055132
2026-06-03 15:53:56,Central,東京ヤクルトスワローズ,拓也,8,2,1,0,0,0,0,0,0,.667,35,8.1,8,1,4,0,0,7,0,0,3,3,3.24,71575134
2026-06-03 15:53:56,Central,東京ヤクルトスワローズ,田口 麗斗,4,0,0,1,0,0,0,0,0,.000,17,4,4,0,0,0,0,3,0,0,1,1,2.25,41945139
2026-06-03 15:53:56,Central,東京ヤクルトスワローズ,竹山 日向,11,1,2,0,0,0,0,0,0,.333,64,14.1,15,0,7,0,2,8,3,0,6,5,3.14,91295155
2026-06-03 15:53:56,Central,東京ヤクルトスワローズ,中村 優斗,6,1,0,0,0,0,0,0,0,1.000,53,12,14,2,4,0,0,11,0,0,3,3,2.25,91695150
2026-06-03 15:53:56,Central,東京ヤクルトスワローズ,西舘 昂汰,6,1,1,0,0,0,0,0,0,.500,52,12.2,12,2,4,0,0,11,0,0,8,8,5.68,11615159
2026-06-03 15:53:56,Central,東京ヤクルトスワローズ,西濱 勇星,9,0,1,0,0,0,0,0,0,.000,96,21,19,2,12,0,2,18,0,0,13,12,5.14,71475157
2026-06-03 15:53:56,Central,東京ヤクルトスワローズ,沼田 翔平,16,1,0,2,0,0,0,0,0,1.000,81,17,25,1,7,0,0,10,2,0,12,10,5.29,61265138
2026-06-03 15:53:56,Central,東京ヤクルトスワローズ,長谷川 宙輝,14,0,1,0,0,0,0,0,0,.000,91,18.1,19,2,14,0,3,10,2,0,13,9,4.42,11615134
2026-06-03 15:53:56,Central,東京ヤクルトスワローズ,増居 翔太,6,1,0,0,0,0,0,0,0,1.000,112,25.2,27,4,8,0,1,16,0,0,11,11,3.86,01805152
2026-06-03 15:53:56,Central,東京ヤクルトスワローズ,松本 健吾,1,0,0,0,0,0,0,0,0,.000,20,4,7,0,1,0,0,3,0,0,2,2,4.50,03105159
2026-06-03 15:53:56,Central,東京ヤクルトスワローズ,丸山 翔大,5,0,0,1,0,0,0,0,0,.000,17,5,0,0,1,0,0,6,0,0,0,0,0.00,43145153
2026-06-03 15:53:56,Central,東京ヤクルトスワローズ,吉村 貢司郎,1,0,0,0,0,0,0,0,0,.000,15,3,5,0,0,0,0,3,1,0,3,1,3.00,53555157
2026-06-03 15:53:56,Central,東京ヤクルトスワローズ,リランソ,2,0,0,0,0,0,0,0,0,.000,8,2,2,0,0,0,1,0,0,0,0,0,0.00,13915152
2026-06-03 15:53:56,Pacific,福岡ソフトバンクホークス,アルメンタ,1,0,1,0,0,0,0,0,0,.000,15,2.1,4,0,3,0,1,2,0,0,5,5,19.29,33735155
2026-06-03 15:53:56,Pacific,福岡ソフトバンクホークス,伊藤 優輔,9,0,0,0,0,0,0,0,0,.000,48,10.1,11,0,10,0,1,4,0,0,4,1,0.87,91395153
2026-06-03 15:53:56,Pacific,福岡ソフトバンクホークス,稲川 竜汰,1,0,0,0,0,0,0,0,0,.000,4,0.2,0,0,2,0,0,0,2,0,1,1,13.50,51355152
2026-06-03 15:53:56,Pacific,福岡ソフトバンクホークス,上沢 直之,8,3,2,0,0,0,0,0,0,.600,213,49.1,45,6,14,1,2,41,1,0,21,14,2.55,51355135
2026-06-03 15:53:56,Pacific,福岡ソフトバンクホークス,オスナ,14,0,1,0,6,6,0,0,0,.000,51,14,9,0,0,0,1,14,0,0,2,2,1.29,13415155
2026-06-03 15:53:56,Pacific,福岡ソフトバンクホークス,大江 竜聖,3,0,0,0,0,0,0,0,0,.000,12,3,3,0,0,0,1,3,0,0,0,0,0.00,71375134
2026-06-03 15:53:56,Pacific,福岡ソフトバンクホークス,大関 友久,7,2,3,0,0,0,1,1,0,.400,182,42,47,4,13,0,0,25,0,0,23,21,4.50,01505151
2026-06-03 15:53:56,Pacific,福岡ソフトバンクホークス,大竹 風雅,2,0,0,0,0,0,0,0,0,.000,16,3,2,0,4,0,0,1,0,0,4,0,0.00,21325155
2026-06-03 15:53:56,Pacific,福岡ソフトバンクホークス,大津 亮介,9,6,1,0,0,0,1,1,0,.857,241,63.1,51,4,8,1,2,58,0,0,10,8,1.14,01305157
2026-06-03 15:53:56,Pacific,福岡ソフトバンクホークス,大野 稼頭央,4,0,0,0,0,0,0,0,0,.000,41,8,10,1,5,0,2,5,2,0,7,5,5.63,21325157
2026-06-03 15:53:56,Pacific,福岡ソフトバンクホークス,大山 凌,2,0,0,0,0,0,0,0,0,.000,6,1,3,0,0,0,0,1,0,0,2,2,18.00,11515159
2026-06-03 15:53:56,Pacific,福岡ソフトバンクホークス,尾形 崇斗,10,0,2,0,0,0,0,0,0,.000,47,12,8,2,3,0,1,19,1,1,4,4,3.00,61365136
2026-06-03 15:53:56,Pacific,福岡ソフトバンクホークス,上茶谷 大河,18,3,0,1,8,11,0,0,0,1.000,90,22,19,3,8,0,0,18,1,0,4,4,1.64,81585138
2026-06-03 15:53:56,Pacific,福岡ソフトバンクホークス,木村 光,21,2,0,0,8,10,0,0,0,1.000,77,20.1,12,2,6,0,1,13,0,0,3,3,1.33,41545157
2026-06-03 15:53:56,Pacific,福岡ソフトバンクホークス,徐 若熙,5,2,3,0,0,0,0,0,0,.400,111,24.2,32,5,9,0,1,24,0,0,15,15,5.47,23525152
2026-06-03 15:53:56,Pacific,福岡ソフトバンクホークス,スチュワート・ジュニア,6,3,3,0,0,0,0,0,0,.500,124,26,33,3,15,1,3,19,4,0,21,20,6.92,53755138
2026-06-03 15:53:56,Pacific,福岡ソフトバンクホークス,杉山 一樹,15,0,1,7,1,1,0,0,0,.000,59,14,9,0,7,0,0,26,1,0,6,6,3.86,91995138
2026-06-03 15:53:56,Pacific,福岡ソフトバンクホークス,鈴木 豪太,8,0,0,0,0,0,0,0,0,.000,61,15,14,2,2,0,0,14,0,1,7,6,3.60,21025152
2026-06-03 15:53:56,Pacific,福岡ソフトバンクホークス,津森 宥紀,15,1,0,0,1,2,0,0,0,1.000,53,14.1,5,1,5,1,2,9,0,0,4,4,2.51,81285151
2026-06-03 15:53:56,Pacific,福岡ソフトバンクホークス,藤原 大翔,2,0,2,0,0,0,0,0,0,.000,34,6.2,8,0,6,0,0,5,1,0,7,7,9.45,01805159
2026-06-03 15:53:56,Pacific,福岡ソフトバンクホークス,ヘルナンデス,21,0,0,0,7,7,0,0,0,.000,86,19.2,16,2,11,0,2,28,1,0,4,3,1.37,33435157
2026-06-03 15:53:56,Pacific,福岡ソフトバンクホークス,前田 純,2,1,0,0,0,0,0,0,0,1.000,36,10,7,0,2,0,0,10,0,0,2,2,1.80,71875157
2026-06-03 15:53:56,Pacific,福岡ソフトバンクホークス,前田 悠伍,4,2,0,0,0,0,0,0,0,1.000,80,18,19,3,7,0,1,11,0,0,7,7,3.50,13115159
2026-06-03 15:53:56,Pacific,福岡ソフトバンクホークス,松本 晴,9,3,2,0,0,0,0,0,0,.600,217,50.1,51,6,16,1,7,54,1,1,22,21,3.75,41845157
2026-06-03 15:53:56,Pacific,福岡ソフトバンクホークス,松本 裕樹,18,2,2,4,5,7,0,0,0,.500,76,17.2,22,1,3,0,0,14,1,0,6,6,3.06,61665130
2026-06-03 15:53:56,Pacific,福岡ソフトバンクホークス,アルメンタ,2,0,0,0,0,0,0,0,0,.000,22,6,3,0,2,0,0,7,0,0,1,1,1.50,33735155
2026-06-03 15:53:56,Pacific,福岡ソフトバンクホークス,相原 雄太,1,0,1,0,0,0,0,0,0,.000,7,1,3,1,0,0,0,2,0,0,4,1,9.00,31135150
2026-06-03 15:53:56,Pacific,福岡ソフトバンクホークス,伊藤 優輔,7,1,0,1,0,0,0,0,0,1.000,41,10.1,7,0,4,0,0,14,0,0,1,1,0.87,91395153
2026-06-03 15:53:56,Pacific,福岡ソフトバンクホークス,岩井 俊介,2,0,0,0,0,0,0,0,0,.000,7,2,0,0,0,0,1,2,1,0,0,0,0.00,51355159
2026-06-03 15:53:56,Pacific,福岡ソフトバンクホークス,岩崎 峻典,1,1,0,0,0,0,0,0,0,1.000,21,5,4,0,4,0,0,2,0,0,0,0,0.00,21325150
2026-06-03 15:53:56,Pacific,福岡ソフトバンクホークス,オスナ,1,0,0,0,0,0,0,0,0,.000,4,1,1,0,0,0,0,2,0,0,0,0,0.00,13415155
2026-06-03 15:53:56,Pacific,福岡ソフトバンクホークス,大江 竜聖,12,1,0,1,0,0,0,0,0,1.000,53,12.2,6,0,10,0,0,13,0,0,1,0,0.00,71375134
2026-06-03 15:53:56,Pacific,福岡ソフトバンクホークス,大関 友久,2,1,0,0,0,0,0,0,0,1.000,43,11,8,0,2,0,0,11,2,0,1,1,0.82,01505151
2026-06-03 15:53:56,Pacific,福岡ソフトバンクホークス,大竹 風雅,13,1,2,1,0,0,0,0,0,.333,57,12,19,2,1,0,1,15,3,0,13,12,9.00,21325155
2026-06-03 15:53:56,Pacific,福岡ソフトバンクホークス,大津 亮介,2,1,0,0,0,0,0,0,0,1.000,33,8.1,7,1,3,0,0,7,0,0,3,3,3.24,01305157
2026-06-03 15:53:56,Pacific,福岡ソフトバンクホークス,大野 稼頭央,5,3,0,0,0,0,0,0,0,1.000,131,34,19,1,16,0,1,26,1,0,3,3,0.79,21325157
2026-06-03 15:53:56,Pacific,福岡ソフトバンクホークス,大山 凌,10,0,0,1,0,0,0,0,0,.000,58,14,7,0,8,0,0,10,1,0,3,2,1.29,11515159
2026-06-03 15:53:56,Pacific,福岡ソフトバンクホークス,岡田 皓一朗,12,1,1,0,0,0,0,0,0,.500,83,19,20,0,9,0,0,19,3,0,11,9,4.26,71575150
2026-06-03 15:53:56,Pacific,福岡ソフトバンクホークス,尾形 崇斗,2,1,1,0,0,0,0,0,0,.500,50,11.2,10,0,5,0,0,10,0,0,4,2,1.54,61365136
2026-06-03 15:53:56,Pacific,福岡ソフトバンクホークス,上茶谷 大河,1,1,0,0,0,0,0,0,0,1.000,24,7,1,0,1,0,1,5,0,0,0,0,0.00,81585138
2026-06-03 15:53:56,Pacific,福岡ソフトバンクホークス,木村 大成,13,1,0,0,0,0,0,0,0,1.000,82,16.1,19,0,12,0,3,15,1,0,12,10,5.51,71775155
2026-06-03 15:53:56,Pacific,福岡ソフトバンクホークス,木村 光,1,0,0,0,0,0,0,0,0,.000,3,1,0,0,0,0,0,1,0,0,0,0,0.00,41545157
2026-06-03 15:53:56,Pacific,福岡ソフトバンクホークス,小林 樹斗,2,0,1,0,0,0,0,0,0,.000,35,8,9,0,2,0,0,7,0,0,3,3,3.38,
2026-06-03 15:53:56,Pacific,福岡ソフトバンクホークス,徐 若熙,3,2,0,0,0,0,1,1,1,1.000,67,19,8,0,4,0,0,15,0,0,3,3,1.42,23525152
2026-06-03 15:53:56,Pacific,福岡ソフトバンクホークス,スチュワート・ジュニア,2,0,2,0,0,0,0,0,0,.000,53,14,10,1,2,0,0,17,0,0,4,4,2.57,53755138
2026-06-03 15:53:56,Pacific,福岡ソフトバンクホークス,杉山 一樹,2,0,0,0,0,0,0,0,0,.000,7,2,0,0,0,0,0,1,0,0,0,0,0.00,91995138
2026-06-03 15:53:56,Pacific,福岡ソフトバンクホークス,鈴木 豪太,3,0,0,1,0,0,0,0,0,.000,15,4,3,0,1,1,0,3,0,0,0,0,0.00,21025152
2026-06-03 15:53:56,Pacific,福岡ソフトバンクホークス,張 峻瑋,5,1,1,0,0,0,0,0,0,.500,67,15.1,16,1,4,0,2,16,2,0,7,7,4.11,
2026-06-03 15:53:56,Pacific,福岡ソフトバンクホークス,津嘉山 憲志郎,1,0,0,0,0,0,0,0,0,.000,5,1,1,0,1,0,0,1,0,0,0,0,0.00,41445150
2026-06-03 15:53:56,Pacific,福岡ソフトバンクホークス,津森 宥紀,6,0,0,1,0,0,0,0,0,.000,33,9,3,0,2,0,1,8,0,0,0,0,0.00,81285151
2026-06-03 15:53:56,Pacific,福岡ソフトバンクホークス,飛田 悠成,1,0,0,1,0,0,0,0,0,.000,14,4,1,0,1,0,1,4,0,0,0,0,0.00,31235157
2026-06-03 15:53:56,Pacific,福岡ソフトバンクホークス,中村 稔弥,8,2,2,1,0,0,1,0,0,.500,134,34.2,27,2,3,0,0,36,0,0,12,8,2.08,01205138
2026-06-03 15:53:56,Pacific,福岡ソフトバンクホークス,長水 啓眞,1,0,1,0,0,0,1,0,0,.000,20,5,5,0,2,0,0,2,1,0,2,2,3.60,61465159
2026-06-03 15:53:56,Pacific,福岡ソフトバンクホークス,東浜 巨,7,4,3,0,0,0,0,0,0,.571,147,33.1,40,0,10,0,0,27,1,0,17,12,3.24,01005137
2026-06-03 15:53:56,Pacific,福岡ソフトバンクホークス,藤原 大翔,6,1,1,0,0,0,0,0,0,.500,108,27.2,20,0,5,0,0,32,3,1,8,7,2.28,01805159
2026-06-03 15:53:56,Pacific,福岡ソフトバンクホークス,北斗,5,1,0,0,0,0,0,0,0,1.000,96,24.1,23,1,7,0,1,18,1,0,5,3,1.11,11815152
2026-06-03 15:53:56,Pacific,福岡ソフトバンクホークス,前田 純,7,0,3,0,0,0,0,0,0,.000,148,34.2,36,2,9,0,0,29,7,0,17,9,2.34,71875157
2026-06-03 15:53:56,Pacific,福岡ソフトバンクホークス,前田 悠伍,4,1,1,1,0,0,0,0,0,.500,67,17.1,12,2,3,0,1,18,0,0,3,3,1.56,13115159
2026-06-03 15:53:56,Pacific,福岡ソフトバンクホークス,宮里 優吾,2,0,0,0,0,0,0,0,0,.000,12,2.2,3,0,2,0,0,1,0,0,1,1,3.38,13315159
2026-06-03 15:53:56,Pacific,福岡ソフトバンクホークス,村上 泰斗,1,0,1,0,0,0,0,0,0,.000,12,2,2,0,4,0,0,2,0,0,2,1,4.50,73175150
2026-06-03 15:53:56,Pacific,福岡ソフトバンクホークス,村田 賢一,4,3,0,0,0,0,0,0,0,1.000,52,13.1,11,0,2,0,0,9,0,0,0,0,0.00,73375159
2026-06-03 15:53:56,Pacific,福岡ソフトバンクホークス,山崎 琢磨,2,1,0,0,0,0,0,0,0,1.000,38,8,9,1,4,0,1,2,0,0,4,2,2.25,13515155
2026-06-03 15:53:56,Pacific,福岡ソフトバンクホークス,ロドリゲス,4,0,1,0,0,0,0,0,0,.000,11,2.2,3,0,0,0,0,3,0,0,1,1,3.38,83285155
2026-06-03 15:53:56,Pacific,北海道日本ハムファイターズ,有原 航平,6,1,5,0,0,0,0,0,0,.167,157,34.1,43,5,13,0,1,23,2,0,32,28,7.34,51155130
2026-06-03 15:53:56,Pacific,北海道日本ハムファイターズ,池田 隆英,6,0,0,0,0,0,0,0,0,.000,26,5.2,7,2,2,0,0,6,0,0,5,5,7.94,01105134
2026-06-03 15:53:56,Pacific,北海道日本ハムファイターズ,伊藤 大海,11,6,3,0,0,0,2,1,2,.667,305,72.1,76,10,12,0,3,67,0,1,26,24,2.99,
2026-06-03 15:53:56,Pacific,北海道日本ハムファイターズ,上原 健太,16,1,2,0,5,6,0,0,0,.333,63,15.2,11,4,4,0,1,16,1,0,8,8,4.60,41345132
2026-06-03 15:53:56,Pacific,北海道日本ハムファイターズ,大川 慈英,2,0,0,0,0,0,0,0,0,.000,10,0.2,4,0,1,0,0,0,1,0,5,2,27.00,61365152
2026-06-03 15:53:56,Pacific,北海道日本ハムファイターズ,加藤 貴之,9,5,1,0,0,0,0,0,0,.833,186,45.1,44,6,4,1,0,22,0,0,18,15,2.98,41545132
2026-06-03 15:53:56,Pacific,北海道日本ハムファイターズ,河野 竜生,4,0,0,0,0,0,0,0,0,.000,15,3.1,3,0,1,0,1,3,0,1,0,0,0.00,81785151
2026-06-03 15:53:56,Pacific,北海道日本ハムファイターズ,菊地 大稀,3,0,0,0,0,0,0,0,0,.000,16,3.1,4,0,2,0,0,3,0,0,2,2,5.40,31735155
2026-06-03 15:53:56,Pacific,北海道日本ハムファイターズ,北山 亘基,9,4,2,0,0,0,1,1,1,.667,229,56.2,46,2,14,0,2,52,0,1,16,16,2.54,51755155
2026-06-03 15:53:56,Pacific,北海道日本ハムファイターズ,古林 睿煬,6,0,1,0,1,1,0,0,0,.000,41,8.1,9,2,7,0,0,13,2,0,5,5,5.40,93595150
2026-06-03 15:53:56,Pacific,北海道日本ハムファイターズ,齋藤 友貴哉,11,0,1,0,2,2,0,0,0,.000,42,8,13,1,7,0,0,4,0,0,9,9,10.13,21725138
2026-06-03 15:53:56,Pacific,北海道日本ハムファイターズ,島本 浩也,20,1,0,1,9,10,0,0,0,1.000,65,15.2,12,0,7,3,0,9,0,0,3,2,1.15,51055133
2026-06-03 15:53:56,Pacific,北海道日本ハムファイターズ,清水 大暉,2,0,0,0,0,0,0,0,0,.000,11,1.2,3,0,3,0,0,1,0,0,2,2,10.80,51255150
2026-06-03 15:53:56,Pacific,北海道日本ハムファイターズ,達 孝太,9,2,6,0,0,0,0,0,0,.250,245,57.2,52,5,15,0,4,52,0,0,28,26,4.06,01205155
2026-06-03 15:53:56,Pacific,北海道日本ハムファイターズ,田中 正義,17,1,2,0,10,11,0,0,0,.333,63,17,11,1,3,0,0,14,0,0,5,5,2.65,31235134
2026-06-03 15:53:56,Pacific,北海道日本ハムファイターズ,玉井 大翔,12,1,0,0,1,2,0,0,0,1.000,37,9.2,9,2,1,0,1,3,0,0,3,3,2.79,91295134
2026-06-03 15:53:56,Pacific,北海道日本ハムファイターズ,生田目 翼,6,0,0,0,0,0,0,0,0,.000,33,6.2,11,1,3,0,0,4,0,0,6,6,8.10,41245138
2026-06-03 15:53:56,Pacific,北海道日本ハムファイターズ,福島 蓮,5,2,2,0,0,0,0,0,0,.500,131,31.2,30,3,10,0,0,26,0,0,10,10,2.84,81685155
2026-06-03 15:53:56,Pacific,北海道日本ハムファイターズ,福谷 浩司,10,0,0,0,0,0,0,0,0,.000,42,10.1,11,2,2,0,0,6,0,0,3,3,2.61,21025137
2026-06-03 15:53:56,Pacific,北海道日本ハムファイターズ,細野 晴希,7,1,4,0,0,0,2,1,1,.200,173,43.1,28,5,12,1,6,49,0,0,18,17,3.53,61865159
2026-06-03 15:53:56,Pacific,北海道日本ハムファイターズ,堀 瑞輝,7,1,0,0,1,2,0,0,0,1.000,29,6.2,7,1,2,0,0,6,0,0,2,2,2.70,51855134
2026-06-03 15:53:56,Pacific,北海道日本ハムファイターズ,矢澤 宏太,1,0,0,0,0,0,0,0,0,.000,3,0.1,1,0,1,0,0,0,0,0,0,0,0.00,73375157
2026-06-03 15:53:56,Pacific,北海道日本ハムファイターズ,柳川 大晟,19,1,0,14,1,2,0,0,0,1.000,75,19,12,1,8,0,0,23,0,0,3,3,1.42,63365155
2026-06-03 15:53:56,Pacific,北海道日本ハムファイターズ,山﨑 福也,7,0,0,0,0,0,0,0,0,.000,29,6.1,9,1,3,0,0,5,0,0,4,4,5.68,21825130
2026-06-03 15:53:56,Pacific,北海道日本ハムファイターズ,山本 拓実,9,0,0,0,0,0,0,0,0,.000,37,9.1,5,1,3,0,1,9,0,0,4,4,3.86,03105136
2026-06-03 15:53:56,Pacific,北海道日本ハムファイターズ,浅利 太門,2,0,1,0,0,0,0,0,0,.000,41,10,5,0,6,0,0,6,2,0,3,3,2.70,51155150
2026-06-03 15:53:56,Pacific,北海道日本ハムファイターズ,有原 航平,3,1,0,0,0,0,0,0,0,1.000,62,15,10,1,6,0,1,10,1,0,4,3,1.80,51155130
2026-06-03 15:53:56,Pacific,北海道日本ハムファイターズ,安西 叶翔,4,0,0,0,0,0,0,0,0,.000,14,4,1,0,1,0,0,3,0,0,1,0,0.00,01105157
2026-06-03 15:53:56,Pacific,北海道日本ハムファイターズ,池田 隆英,9,2,2,1,0,0,0,0,0,.500,46,8.2,13,2,6,0,1,8,0,0,13,12,12.46,01105134
2026-06-03 15:53:56,Pacific,北海道日本ハムファイターズ,大川 慈英,9,1,0,1,0,0,0,0,0,1.000,79,16.2,16,1,10,0,3,18,1,0,10,10,5.40,61365152
2026-06-03 15:53:56,Pacific,北海道日本ハムファイターズ,加藤 大和,3,2,0,0,0,0,0,0,0,1.000,15,3,3,0,3,0,0,3,1,0,2,2,6.00,91595159
2026-06-03 15:53:56,Pacific,北海道日本ハムファイターズ,金村 尚真,7,2,1,0,0,0,0,0,0,.667,108,26,24,0,6,0,0,22,0,0,10,10,3.46,51555157
2026-06-03 15:53:56,Pacific,北海道日本ハムファイターズ,川勝 空人,8,0,0,1,0,0,0,0,0,.000,67,13.1,17,0,12,0,0,7,1,0,10,7,4.73,11715150
2026-06-03 15:53:56,Pacific,北海道日本ハムファイターズ,河野 竜生,14,1,0,0,0,0,0,0,0,1.000,47,13.1,6,0,1,0,2,14,0,0,1,0,0.00,81785151
2026-06-03 15:53:56,Pacific,北海道日本ハムファイターズ,菊地 大稀,12,1,1,2,0,0,0,0,0,.500,72,15.1,15,2,10,0,0,18,1,0,14,13,7.63,31735155
2026-06-03 15:53:56,Pacific,北海道日本ハムファイターズ,畔柳 亨丞,7,1,0,0,0,0,0,0,0,1.000,63,16.1,10,0,5,0,1,24,0,0,1,1,0.55,61765155
2026-06-03 15:53:56,Pacific,北海道日本ハムファイターズ,古林 睿煬,4,0,2,0,0,0,0,0,0,.000,86,19.1,22,2,8,0,0,28,2,0,13,13,6.05,93595150
2026-06-03 15:53:56,Pacific,北海道日本ハムファイターズ,齋藤 友貴哉,6,1,0,0,0,0,0,0,0,1.000,31,6,11,0,2,0,1,4,1,0,5,5,7.50,21725138
2026-06-03 15:53:56,Pacific,北海道日本ハムファイターズ,柴田 獅子,7,2,0,0,0,0,0,0,0,1.000,92,24.2,15,1,4,0,0,30,0,0,2,2,0.73,81085150
2026-06-03 15:53:56,Pacific,北海道日本ハムファイターズ,澁谷 純希,5,0,0,0,0,0,0,0,0,.000,38,9.2,6,1,8,0,0,9,2,0,2,1,0.93,11215150
2026-06-03 15:53:56,Pacific,北海道日本ハムファイターズ,清水 大暉,5,0,0,0,0,0,0,0,0,.000,40,9,4,0,7,0,0,11,2,0,2,2,2.00,51255150
2026-06-03 15:53:56,Pacific,北海道日本ハムファイターズ,杉浦 稔大,5,0,0,1,0,0,0,0,0,.000,22,6,3,0,2,0,1,3,0,0,0,0,0.00,61765139
2026-06-03 15:53:56,Pacific,北海道日本ハムファイターズ,孫 易磊,8,2,3,0,0,0,0,0,0,.400,152,38,29,2,9,0,3,37,1,0,14,11,2.61,83785159
2026-06-03 15:53:56,Pacific,北海道日本ハムファイターズ,清宮 虎多朗,6,0,0,0,0,0,0,0,0,.000,40,7.2,8,0,9,0,2,5,0,0,9,8,9.39,41945138
2026-06-03 15:53:56,Pacific,北海道日本ハムファイターズ,玉井 大翔,7,1,1,2,0,0,0,0,0,.500,28,7.2,4,0,2,0,0,5,0,0,2,2,2.35,91295134
2026-06-03 15:53:56,Pacific,北海道日本ハムファイターズ,生田目 翼,9,0,0,1,0,0,0,0,0,.000,35,9,8,0,1,0,0,9,0,0,4,0,0.00,41245138
2026-06-03 15:53:56,Pacific,北海道日本ハムファイターズ,福島 蓮,4,1,1,0,0,0,0,0,0,.500,84,20.2,18,1,3,0,2,21,0,0,3,3,1.31,81685155
2026-06-03 15:53:56,Pacific,北海道日本ハムファイターズ,福谷 浩司,2,0,0,2,0,0,0,0,0,.000,6,2,0,0,0,0,0,2,0,0,0,0,0.00,21025137
2026-06-03 15:53:56,Pacific,北海道日本ハムファイターズ,福田 俊,16,2,1,0,0,0,0,0,0,.667,98,22,20,0,11,0,0,23,1,0,9,5,2.05,11615138
2026-06-03 15:53:56,Pacific,北海道日本ハムファイターズ,藤田 琉生,6,0,1,0,0,0,0,0,0,.000,83,15.2,26,1,7,0,3,13,3,0,19,13,7.47,01805150
2026-06-03 15:53:56,Pacific,北海道日本ハムファイターズ,堀 瑞輝,13,2,1,1,0,0,0,0,0,.667,49,12.2,9,1,2,0,0,20,0,0,3,2,1.42,51855134
2026-06-03 15:53:56,Pacific,北海道日本ハムファイターズ,松岡 洸希,10,4,0,0,0,0,0,0,0,1.000,77,17.1,18,0,7,0,2,25,3,0,6,6,3.12,61665151
2026-06-03 15:53:56,Pacific,北海道日本ハムファイターズ,松本 遼大,7,1,2,0,0,0,0,0,0,.333,143,31.2,37,1,11,0,4,21,1,0,16,15,4.26,03105153
2026-06-03 15:53:56,Pacific,北海道日本ハムファイターズ,宮内 春輝,13,2,0,0,0,0,0,0,0,1.000,56,14.1,10,0,3,0,0,17,1,0,5,4,2.51,53155157
2026-06-03 15:53:56,Pacific,北海道日本ハムファイターズ,宮西 尚生,12,0,0,1,0,0,0,0,0,.000,42,12,4,2,3,0,0,11,0,0,2,2,1.50,41445116
2026-06-03 15:53:56,Pacific,北海道日本ハムファイターズ,山﨑 福也,6,0,1,1,0,0,0,0,0,.000,100,27,23,2,2,0,1,27,1,1,6,6,2.00,21825130
2026-06-03 15:53:56,Pacific,北海道日本ハムファイターズ,山本 拓実,4,0,1,1,0,0,0,0,0,.000,15,3.1,5,0,1,0,0,4,0,0,2,2,5.40,03105136
2026-06-03 15:53:56,Pacific,北海道日本ハムファイターズ,横山 永遠,1,0,1,0,0,0,0,0,0,.000,2,+,2,0,0,0,0,0,0,0,1,1,----,13315152
2026-06-03 15:53:56,Pacific,北海道日本ハムファイターズ,ラオ,1,1,0,0,0,0,0,0,0,1.000,29,6.2,7,0,1,0,2,1,0,0,4,4,5.40,43745152
2026-06-03 15:53:56,Pacific,オリックス・バファローズ,阿部 翔太,2,0,0,0,0,0,0,0,0,.000,11,1.1,5,1,2,1,0,1,0,0,5,5,33.75,01105153
2026-06-03 15:53:56,Pacific,オリックス・バファローズ,入山 海斗,18,0,0,0,0,0,0,0,0,.000,59,15.2,5,3,6,0,0,12,4,1,4,4,2.30,31335157
2026-06-03 15:53:56,Pacific,オリックス・バファローズ,岩嵜 翔,1,0,0,0,0,0,0,0,0,.000,4,1,0,0,1,0,0,0,0,0,0,0,0.00,31335116
2026-06-03 15:53:56,Pacific,オリックス・バファローズ,エスピノーザ,8,5,1,0,0,0,1,1,0,.833,199,49.2,39,2,13,0,1,46,1,0,12,12,2.17,43545159
2026-06-03 15:53:56,Pacific,オリックス・バファローズ,片山 楽生,8,0,0,0,0,0,0,0,0,.000,42,10.1,8,0,4,0,0,7,0,0,2,2,1.74,01505150
2026-06-03 15:53:56,Pacific,オリックス・バファローズ,川瀬 堅斗,5,0,0,0,0,0,0,0,0,.000,36,8,8,1,5,1,0,4,2,0,3,3,3.38,41745153
2026-06-03 15:53:56,Pacific,オリックス・バファローズ,九里 亜蓮,10,5,4,0,0,0,1,1,0,.556,261,64,51,3,20,1,5,67,1,0,22,20,2.81,71775139
2026-06-03 15:53:56,Pacific,オリックス・バファローズ,古田島 成龍,6,0,0,0,3,3,0,0,0,.000,26,5,7,1,4,0,1,4,1,1,4,4,7.20,41745159
2026-06-03 15:53:56,Pacific,オリックス・バファローズ,権田 琉成,5,0,0,0,0,0,0,0,0,.000,20,4.2,6,1,0,0,0,3,0,0,3,3,5.79,61765159
2026-06-03 15:53:56,Pacific,オリックス・バファローズ,佐藤 一磨,4,0,0,0,0,0,0,0,0,.000,29,6,4,1,7,0,0,2,0,0,3,2,3.00,51055151
2026-06-03 15:53:56,Pacific,オリックス・バファローズ,ジェリー,8,2,2,0,0,0,0,0,0,.500,183,45.2,40,1,8,0,2,35,1,0,8,8,1.58,03505152
2026-06-03 15:53:56,Pacific,オリックス・バファローズ,曽谷 龍平,7,3,3,0,0,0,0,0,0,.500,169,40.2,40,5,6,0,2,41,0,0,16,13,2.88,81985157
2026-06-03 15:53:56,Pacific,オリックス・バファローズ,髙島 泰都,8,3,1,0,0,0,0,0,0,.750,163,37.1,43,2,9,0,4,29,0,1,16,15,3.62,61065159
2026-06-03 15:53:56,Pacific,オリックス・バファローズ,髙谷 舟,1,0,0,0,0,0,0,0,0,.000,9,1,5,1,1,0,0,1,0,0,5,5,45.00,51255152
2026-06-03 15:53:56,Pacific,オリックス・バファローズ,田嶋 大樹,6,2,1,0,0,0,0,0,0,.667,118,29,30,2,3,0,2,18,0,0,12,12,3.72,41045136
2026-06-03 15:53:56,Pacific,オリックス・バファローズ,寺西 成騎,15,3,2,0,8,10,0,0,0,.600,112,27.1,27,0,5,0,1,23,2,0,13,13,4.28,61465150
2026-06-03 15:53:56,Pacific,オリックス・バファローズ,東松 快征,5,0,0,0,0,0,0,0,0,.000,21,4,3,2,7,1,0,4,0,0,4,4,9.00,71475159
2026-06-03 15:53:56,Pacific,オリックス・バファローズ,平野 佳寿,2,0,0,0,1,1,0,0,0,.000,9,2,3,1,0,0,0,1,0,0,1,1,4.50,81285112
2026-06-03 15:53:56,Pacific,オリックス・バファローズ,博志,7,2,0,0,0,2,0,0,0,1.000,34,9.1,4,0,3,0,0,4,0,0,1,1,0.96,61965136
2026-06-03 15:53:56,Pacific,オリックス・バファローズ,ペルドモ,8,1,2,0,3,4,0,0,0,.333,37,7,13,2,3,0,0,5,0,0,11,11,14.14,13215157
2026-06-03 15:53:56,Pacific,オリックス・バファローズ,マチャド,19,0,0,16,1,1,0,0,0,.000,75,19,17,2,3,0,0,22,0,0,3,3,1.42,43945159
2026-06-03 15:53:56,Pacific,オリックス・バファローズ,宮城 大弥,3,1,1,0,0,0,0,0,0,.500,63,13.1,20,1,3,0,0,17,0,0,12,6,4.05,71875151
2026-06-03 15:53:56,Pacific,オリックス・バファローズ,宮國 凌空,1,0,0,0,0,0,0,0,0,.000,14,3,5,0,0,0,0,3,0,0,2,2,6.00,63165159
2026-06-03 15:53:56,Pacific,オリックス・バファローズ,椋木 蓮,21,1,2,1,15,16,0,0,0,.333,75,20,13,1,3,1,1,19,0,0,7,7,3.15,33335155
2026-06-03 15:53:56,Pacific,オリックス・バファローズ,山岡 泰輔,1,0,0,0,0,0,0,0,0,.000,6,0.2,3,1,1,0,0,0,0,0,2,2,27.00,83185134
2026-06-03 15:53:56,Pacific,オリックス・バファローズ,山﨑 颯一郎,21,1,2,0,8,9,0,0,0,.333,93,22.2,19,2,7,1,1,23,0,0,8,8,3.18,33335134
2026-06-03 15:53:56,Pacific,オリックス・バファローズ,山田 修義,8,0,0,0,1,1,0,0,0,.000,18,4.1,3,0,3,0,0,4,0,0,0,0,0.00,61465131
2026-06-03 15:53:56,Pacific,オリックス・バファローズ,横山 楓,7,1,1,0,1,2,0,0,0,.500,27,6,6,0,2,0,1,11,1,0,2,2,3.00,03505155
2026-06-03 15:53:56,Pacific,オリックス・バファローズ,吉田 輝星,12,0,2,0,7,7,0,0,0,.000,42,10,10,2,3,0,1,12,0,0,5,5,4.50,13115138
2026-06-03 15:53:56,Pacific,オリックス・バファローズ,芦田 丈飛,14,1,0,2,0,0,0,0,0,1.000,82,19.2,17,1,5,0,0,17,0,0,4,3,1.37,71175159
2026-06-03 15:53:56,Pacific,オリックス・バファローズ,東 晃平,4,0,0,0,0,0,0,0,0,.000,34,9,6,1,1,0,0,10,1,0,1,1,1.00,71175136
2026-06-03 15:53:56,Pacific,オリックス・バファローズ,阿部 翔太,17,0,0,2,0,0,0,0,0,.000,64,15,13,1,1,0,4,11,0,0,4,2,1.20,01105153
2026-06-03 15:53:56,Pacific,オリックス・バファローズ,乾 健斗,1,1,0,0,0,0,0,0,0,1.000,5,1,4,0,0,0,0,0,0,0,1,1,9.00,31335150
2026-06-03 15:53:56,Pacific,オリックス・バファローズ,入山 海斗,11,2,0,2,0,0,0,0,0,1.000,54,11,15,2,5,0,0,8,0,0,8,8,6.55,31335157
2026-06-03 15:53:56,Pacific,オリックス・バファローズ,岩嵜 翔,7,1,1,1,0,0,0,0,0,.500,32,6,12,0,3,0,0,6,0,0,7,7,10.50,31335116
2026-06-03 15:53:56,Pacific,オリックス・バファローズ,上原 堆我,2,1,0,0,0,0,0,0,0,1.000,27,8,1,0,2,0,0,5,0,0,0,0,0.00,41345150
2026-06-03 15:53:56,Pacific,オリックス・バファローズ,宇田川 優希,4,0,0,0,0,0,0,0,0,.000,15,4,2,0,3,0,0,6,0,0,0,0,0.00,31535153
2026-06-03 15:53:56,Pacific,オリックス・バファローズ,エスピノーザ,1,1,0,0,0,0,0,0,0,1.000,22,5,6,0,1,0,0,6,0,0,2,2,3.60,43545159
2026-06-03 15:53:56,Pacific,オリックス・バファローズ,片山 楽生,5,0,1,0,0,0,0,0,0,.000,95,22.1,21,1,5,0,4,13,0,0,8,4,1.61,01505150
2026-06-03 15:53:56,Pacific,オリックス・バファローズ,川瀬 堅斗,13,1,1,1,0,0,0,0,0,.500,112,23,32,1,9,0,2,26,2,0,16,16,6.26,41745153
2026-06-03 15:53:56,Pacific,オリックス・バファローズ,古田島 成龍,5,0,1,1,0,0,0,0,0,.000,19,3,6,0,3,0,0,1,1,0,4,3,9.00,41745159
2026-06-03 15:53:56,Pacific,オリックス・バファローズ,権田 琉成,16,2,0,3,0,0,0,0,0,1.000,67,16.2,8,1,6,1,3,18,0,0,4,3,1.62,61765159
2026-06-03 15:53:56,Pacific,オリックス・バファローズ,才木 海翔,3,0,0,0,0,0,0,0,0,.000,16,2.2,4,0,2,0,1,2,0,0,3,3,10.13,21725157
2026-06-03 15:53:56,Pacific,オリックス・バファローズ,齋藤 響介,5,1,0,0,0,0,0,0,0,1.000,60,16.2,8,1,3,0,0,9,1,0,1,1,0.54,41745157
2026-06-03 15:53:56,Pacific,オリックス・バファローズ,佐藤 一磨,7,2,2,0,0,0,0,0,0,.500,140,33,29,0,14,0,1,21,5,0,17,17,4.64,51055151
2026-06-03 15:53:56,Pacific,オリックス・バファローズ,佐藤 龍月,2,0,0,0,0,0,0,0,0,.000,9,3,0,0,1,0,0,4,0,0,0,0,0.00,41945152
2026-06-03 15:53:56,Pacific,オリックス・バファローズ,ジェリー,1,0,0,0,0,0,0,0,0,.000,9,2,2,0,1,0,0,5,0,0,0,0,0.00,03505152
2026-06-03 15:53:56,Pacific,オリックス・バファローズ,寿賀 弘都,1,0,0,0,0,0,0,0,0,.000,3,1,2,0,0,0,0,0,0,0,0,0,0.00,31035159
2026-06-03 15:53:56,Pacific,オリックス・バファローズ,曽谷 龍平,2,0,1,0,0,0,0,0,0,.000,32,8,7,1,2,0,0,5,0,0,4,4,4.50,81985157
2026-06-03 15:53:56,Pacific,オリックス・バファローズ,髙谷 舟,15,0,2,0,0,0,0,0,0,.000,83,20.2,19,3,4,0,1,13,0,0,9,8,3.48,51255152
2026-06-03 15:53:56,Pacific,オリックス・バファローズ,田嶋 大樹,4,3,1,0,0,0,0,0,0,.750,93,21,21,2,7,0,0,17,1,0,7,7,3.00,41045136
2026-06-03 15:53:56,Pacific,オリックス・バファローズ,寺西 成騎,1,0,0,0,0,0,0,0,0,.000,7,2,1,0,0,0,0,0,0,0,0,0,0.00,61465150
2026-06-03 15:53:56,Pacific,オリックス・バファローズ,東松 快征,7,3,1,0,0,0,0,0,0,.750,118,27,23,0,17,0,3,22,0,0,9,9,3.00,71475159
2026-06-03 15:53:56,Pacific,オリックス・バファローズ,富山 凌雅,17,0,0,0,0,0,0,0,0,.000,80,18.2,21,1,5,0,0,12,1,0,9,9,4.34,61065138
2026-06-03 15:53:56,Pacific,オリックス・バファローズ,平野 佳寿,2,0,0,0,0,0,0,0,0,.000,11,2,5,1,0,0,0,1,0,0,2,1,4.50,81285112
2026-06-03 15:53:56,Pacific,オリックス・バファローズ,博志,10,1,1,0,0,0,0,0,0,.500,67,14.1,21,1,4,0,0,8,0,1,12,11,6.91,61965136
2026-06-03 15:53:56,Pacific,オリックス・バファローズ,藤川 敦也,3,0,0,0,0,0,0,0,0,.000,22,6,3,0,2,0,0,5,0,0,0,0,0.00,41645152
2026-06-03 15:53:56,Pacific,オリックス・バファローズ,ペルドモ,2,0,1,0,0,0,0,0,0,.000,29,6.2,11,1,1,0,0,4,0,0,6,5,6.75,13215157
2026-06-03 15:53:56,Pacific,オリックス・バファローズ,マシュー,5,0,0,1,0,0,0,0,0,.000,24,5.1,7,0,2,0,0,3,0,0,1,0,0.00,71875152
2026-06-03 15:53:56,Pacific,オリックス・バファローズ,マチャド,1,0,0,0,0,0,0,0,0,.000,5,1,2,0,0,0,0,2,0,0,1,1,9.00,43945159
2026-06-03 15:53:56,Pacific,オリックス・バファローズ,宮國 凌空,10,5,1,0,0,0,0,0,0,.833,210,51.2,46,1,15,0,0,36,2,0,15,13,2.26,63165159
2026-06-03 15:53:56,Pacific,オリックス・バファローズ,椋木 蓮,1,0,0,0,0,0,0,0,0,.000,3,1,0,0,0,0,0,1,0,0,0,0,0.00,33335155
2026-06-03 15:53:56,Pacific,オリックス・バファローズ,森 陽樹,3,0,0,1,0,0,0,0,0,.000,17,3.1,5,0,1,0,0,3,1,0,2,2,5.40,93195152
2026-06-03 15:53:56,Pacific,オリックス・バファローズ,山岡 泰輔,9,1,5,0,0,0,0,0,0,.167,194,44,53,2,13,0,0,43,2,0,28,21,4.30,83185134
2026-06-03 15:53:56,Pacific,オリックス・バファローズ,山口 廉王,6,2,3,0,0,0,0,0,0,.400,103,21.1,29,3,9,0,2,11,0,0,21,20,8.44,83185150
2026-06-03 15:53:56,Pacific,オリックス・バファローズ,山﨑 颯一郎,1,0,0,0,0,0,0,0,0,.000,6,1,2,0,0,0,1,2,0,0,1,1,9.00,33335134
2026-06-03 15:53:56,Pacific,オリックス・バファローズ,山田 修義,14,1,0,0,0,0,0,0,0,1.000,55,14,10,0,4,0,0,10,2,0,3,3,1.93,61465131
2026-06-03 15:53:56,Pacific,オリックス・バファローズ,横山 楓,1,0,0,0,0,0,0,0,0,.000,3,1,0,0,0,0,0,0,0,0,0,0,0.00,03505155
2026-06-03 15:53:56,Pacific,オリックス・バファローズ,吉田 輝星,8,0,0,1,0,0,0,0,0,.000,33,8,5,0,5,0,0,10,0,0,1,0,0.00,13115138
2026-06-03 15:53:56,Pacific,東北楽天ゴールデンイーグルス,ウレーニャ,8,2,2,0,0,0,0,0,0,.500,170,38.2,39,3,17,0,1,29,2,0,16,15,3.49,73375152
2026-06-03 15:53:56,Pacific,東北楽天ゴールデンイーグルス,内 星龍,19,0,2,0,4,4,0,0,0,.000,91,21.2,17,2,9,0,0,17,1,0,15,15,6.23,51555153
2026-06-03 15:53:56,Pacific,東北楽天ゴールデンイーグルス,江原 雅裕,1,0,0,0,0,0,0,0,0,.000,9,2,2,0,1,0,0,3,0,0,1,1,4.50,11515150
2026-06-03 15:53:56,Pacific,東北楽天ゴールデンイーグルス,加治屋 蓮,25,2,1,0,9,11,0,0,0,.667,96,23.1,23,1,9,0,0,21,1,0,7,5,1.93,21525139
2026-06-03 15:53:56,Pacific,東北楽天ゴールデンイーグルス,岸 孝之,1,0,1,0,0,0,0,0,0,.000,22,5,8,1,1,0,0,7,0,0,3,3,5.40,91795114
2026-06-03 15:53:56,Pacific,東北楽天ゴールデンイーグルス,九谷 瑠,9,0,0,0,0,0,0,0,0,.000,48,13,5,0,5,0,0,8,0,0,1,1,0.69,71775152
2026-06-03 15:53:56,Pacific,東北楽天ゴールデンイーグルス,古賀 康誠,1,0,0,0,0,0,0,0,0,.000,6,1,3,0,0,0,0,1,0,0,2,2,18.00,31735157
2026-06-03 15:53:56,Pacific,東北楽天ゴールデンイーグルス,古謝 樹,9,1,4,0,0,0,1,0,0,.200,229,55,52,8,14,0,1,45,0,0,24,24,3.93,21725159
2026-06-03 15:53:56,Pacific,東北楽天ゴールデンイーグルス,柴田 大地,13,1,1,1,2,3,0,0,0,.500,45,10.2,5,1,9,0,0,10,0,0,1,1,0.84,81985155
2026-06-03 15:53:56,Pacific,東北楽天ゴールデンイーグルス,荘司 康誠,10,4,5,0,0,0,0,0,0,.444,252,62,56,7,16,0,2,68,1,0,25,24,3.48,21925157
2026-06-03 15:53:56,Pacific,東北楽天ゴールデンイーグルス,鈴木 翔天,21,0,2,0,13,13,0,0,0,.000,81,18.1,19,3,7,0,0,20,0,0,11,10,4.91,01905138
2026-06-03 15:53:56,Pacific,東北楽天ゴールデンイーグルス,宋 家豪,14,2,0,0,2,4,0,0,0,1.000,49,11,17,1,3,0,0,5,0,0,2,2,1.64,73575132
2026-06-03 15:53:56,Pacific,東北楽天ゴールデンイーグルス,瀧中 瞭太,7,2,2,0,0,0,0,0,0,.500,145,34.2,28,1,12,0,3,25,0,0,6,6,1.56,31235151
2026-06-03 15:53:56,Pacific,東北楽天ゴールデンイーグルス,田中 千晴,15,0,2,1,4,4,0,0,0,.000,63,13,15,0,8,0,1,18,2,0,8,5,3.46,91095157
2026-06-03 15:53:56,Pacific,東北楽天ゴールデンイーグルス,津留﨑 大成,14,0,0,0,0,0,0,0,0,.000,63,15.1,9,1,8,1,0,15,2,0,5,5,2.93,11415151
2026-06-03 15:53:56,Pacific,東北楽天ゴールデンイーグルス,中込 陽翔,2,0,0,0,0,0,0,0,0,.000,13,2.1,4,2,2,0,0,1,0,0,4,4,15.43,31635150
2026-06-03 15:53:56,Pacific,東北楽天ゴールデンイーグルス,西垣 雅矢,23,3,2,0,8,11,0,0,0,.600,84,19,18,3,10,0,1,24,0,0,11,11,5.21,61465155
2026-06-03 15:53:56,Pacific,東北楽天ゴールデンイーグルス,早川 隆久,7,3,1,0,0,0,0,0,0,.750,187,49,31,4,10,0,0,47,1,0,12,12,2.20,31835153
2026-06-03 15:53:56,Pacific,東北楽天ゴールデンイーグルス,藤井 聖,5,1,2,0,0,0,0,0,0,.333,107,25.2,28,3,4,0,0,20,1,0,10,9,3.16,71875153
2026-06-03 15:53:56,Pacific,東北楽天ゴールデンイーグルス,藤平 尚真,21,0,1,11,4,4,0,0,0,.000,81,20.1,16,1,5,0,0,24,1,0,7,7,3.10,61665134
2026-06-03 15:53:56,Pacific,東北楽天ゴールデンイーグルス,藤原 聡大,3,0,2,0,0,0,0,0,0,.000,59,12,17,3,7,0,2,10,0,1,10,9,6.75,81685152
2026-06-03 15:53:56,Pacific,東北楽天ゴールデンイーグルス,前田 健太,5,0,2,0,0,0,0,0,0,.000,86,18.2,22,2,13,0,0,14,0,0,10,10,4.82,51655114
2026-06-03 15:53:56,Pacific,東北楽天ゴールデンイーグルス,渡辺 翔太,5,0,0,0,0,0,0,0,0,.000,24,5,8,0,3,0,1,2,0,0,5,5,9.00,23525157
2026-06-03 15:53:56,Pacific,東北楽天ゴールデンイーグルス,伊藤 大晟,2,0,0,0,0,0,0,0,0,.000,6,2,1,0,0,0,0,2,0,0,0,0,0.00,11315152
2026-06-03 15:53:56,Pacific,東北楽天ゴールデンイーグルス,伊藤 樹,8,3,1,1,0,0,0,0,0,.750,183,42,40,3,20,0,2,25,4,0,19,18,3.86,31335152
2026-06-03 15:53:56,Pacific,東北楽天ゴールデンイーグルス,ウレーニャ,1,0,0,0,0,0,0,0,0,.000,18,5,2,0,2,0,0,8,1,0,1,1,1.80,73375152
2026-06-03 15:53:56,Pacific,東北楽天ゴールデンイーグルス,内 星龍,1,0,0,0,0,0,0,0,0,.000,3,1,1,0,0,0,0,0,0,0,0,0,0.00,51555153
2026-06-03 15:53:56,Pacific,東北楽天ゴールデンイーグルス,江原 雅裕,14,0,3,0,0,0,0,0,0,.000,86,18.1,20,3,14,0,1,16,1,0,16,14,6.87,11515150
2026-06-03 15:53:56,Pacific,東北楽天ゴールデンイーグルス,大内 誠弥,10,2,3,0,0,0,0,0,0,.400,205,47.1,50,5,20,0,2,43,4,1,26,20,3.80,41345159
2026-06-03 15:53:56,Pacific,東北楽天ゴールデンイーグルス,岸 孝之,7,2,0,0,0,0,0,0,0,1.000,119,32,21,0,7,0,0,26,2,0,1,1,0.28,91795114
2026-06-03 15:53:56,Pacific,東北楽天ゴールデンイーグルス,九谷 瑠,7,0,0,1,0,0,0,0,0,.000,39,7.2,13,0,2,0,1,9,1,0,9,7,8.22,71775152
2026-06-03 15:53:56,Pacific,東北楽天ゴールデンイーグルス,コントレラス,1,1,0,0,0,0,0,0,0,1.000,9,2,2,0,1,0,0,2,0,0,0,0,0.00,53555152
2026-06-03 15:53:56,Pacific,東北楽天ゴールデンイーグルス,古賀 康誠,8,1,2,0,0,0,0,0,0,.333,168,35.2,45,4,22,0,1,26,0,0,27,26,6.56,31735157
2026-06-03 15:53:56,Pacific,東北楽天ゴールデンイーグルス,古謝 樹,1,1,0,0,0,0,0,0,0,1.000,20,5,2,0,2,0,0,3,0,0,1,0,0.00,21725159
2026-06-03 15:53:56,Pacific,東北楽天ゴールデンイーグルス,今野 龍太,15,1,0,0,0,0,0,0,0,1.000,65,14,17,0,9,0,0,15,1,0,8,5,3.21,21725139
2026-06-03 15:53:56,Pacific,東北楽天ゴールデンイーグルス,酒居 知史,12,0,0,0,0,0,0,0,0,.000,45,11.1,8,1,4,0,0,7,0,0,3,2,1.59,61765134
2026-06-03 15:53:56,Pacific,東北楽天ゴールデンイーグルス,坂井 陽翔,10,4,2,1,0,0,1,0,0,.667,208,49.2,35,4,27,0,2,31,2,1,16,14,2.54,11915159
2026-06-03 15:53:56,Pacific,東北楽天ゴールデンイーグルス,柴田 大地,4,0,0,0,0,0,0,0,0,.000,18,4.1,4,0,1,0,0,4,0,0,3,1,2.08,81985155
2026-06-03 15:53:56,Pacific,東北楽天ゴールデンイーグルス,蕭 齊,8,0,1,0,0,0,0,0,0,.000,51,8.2,9,0,15,0,0,10,1,0,12,3,3.12,23525150
2026-06-03 15:53:56,Pacific,東北楽天ゴールデンイーグルス,宋 家豪,3,0,0,0,0,0,0,0,0,.000,11,2.2,2,0,2,0,0,3,0,0,0,0,0.00,73575132
2026-06-03 15:53:56,Pacific,東北楽天ゴールデンイーグルス,泰 勝利,5,0,0,0,0,0,0,0,0,.000,21,5,1,0,4,0,0,9,1,0,0,0,0.00,61065155
2026-06-03 15:53:56,Pacific,東北楽天ゴールデンイーグルス,瀧中 瞭太,1,0,0,0,0,0,0,0,0,.000,19,4,4,1,2,0,0,2,1,0,1,1,2.25,31235151
2026-06-03 15:53:56,Pacific,東北楽天ゴールデンイーグルス,田中 千晴,5,0,0,1,0,0,0,0,0,.000,20,5,3,0,2,0,0,9,1,0,1,0,0.00,91095157
2026-06-03 15:53:56,Pacific,東北楽天ゴールデンイーグルス,中込 陽翔,15,1,1,0,0,0,0,0,0,.500,54,14.1,7,0,4,0,0,16,0,0,3,2,1.26,31635150
2026-06-03 15:53:56,Pacific,東北楽天ゴールデンイーグルス,中沢 匠磨,11,2,0,1,0,0,0,0,0,1.000,35,9.1,6,1,3,0,0,7,0,0,2,2,1.93,11415152
2026-06-03 15:53:56,Pacific,東北楽天ゴールデンイーグルス,早川 隆久,3,2,1,0,0,0,1,0,0,.667,75,20.2,13,1,1,0,0,25,0,0,6,4,1.74,31835153
2026-06-03 15:53:56,Pacific,東北楽天ゴールデンイーグルス,林 優樹,5,0,0,0,0,0,0,0,0,.000,21,5.2,5,1,0,0,0,7,0,0,3,3,4.76,01605157
2026-06-03 15:53:56,Pacific,東北楽天ゴールデンイーグルス,日當 直喜,19,2,1,10,0,0,0,0,0,.667,80,19,17,2,5,0,3,25,2,0,8,7,3.32,01605159
2026-06-03 15:53:56,Pacific,東北楽天ゴールデンイーグルス,藤井 聖,7,2,2,0,0,0,0,0,0,.500,138,33,35,3,7,0,1,22,0,0,16,10,2.73,71875153
2026-06-03 15:53:56,Pacific,東北楽天ゴールデンイーグルス,藤原 聡大,8,2,0,0,0,0,0,0,0,1.000,101,24,18,2,14,0,0,18,1,0,6,6,2.25,81685152
2026-06-03 15:53:56,Pacific,東北楽天ゴールデンイーグルス,前田 健太,4,3,1,0,0,0,0,0,0,.750,83,20.2,17,1,5,0,1,16,1,0,10,10,4.35,51655114
2026-06-03 15:53:56,Pacific,東北楽天ゴールデンイーグルス,松田 啄磨,10,2,3,0,0,0,0,0,0,.400,129,27.2,36,3,12,0,0,15,1,0,20,20,6.51,73175159
2026-06-03 15:53:56,Pacific,東北楽天ゴールデンイーグルス,渡辺 翔太,6,0,0,0,0,0,0,0,0,.000,20,6,1,0,0,0,0,4,0,0,0,0,0.00,23525157
2026-06-03 15:53:56,Pacific,埼玉西武ライオンズ,青山 美夏人,2,0,0,0,0,0,0,0,0,.000,10,2,3,0,1,0,0,2,0,0,2,2,9.00,51155157
2026-06-03 15:53:56,Pacific,埼玉西武ライオンズ,糸川 亮太,9,0,1,0,2,2,0,0,0,.000,50,11.2,13,4,3,0,0,6,0,0,8,8,6.17,11315159
2026-06-03 15:53:56,Pacific,埼玉西武ライオンズ,岩城 颯空,21,0,1,17,2,2,0,0,0,.000,87,21,18,4,8,0,0,24,0,1,8,8,3.43,91395152
2026-06-03 15:53:56,Pacific,埼玉西武ライオンズ,上田 大河,6,1,0,0,1,2,0,0,0,1.000,29,6.2,4,0,3,0,0,7,0,0,1,0,0.00,91395159
2026-06-03 15:53:56,Pacific,埼玉西武ライオンズ,甲斐野 央,22,1,2,1,14,15,0,0,0,.333,80,19.2,14,3,11,0,0,24,0,0,6,6,2.75,51555138
2026-06-03 15:53:56,Pacific,埼玉西武ライオンズ,黒田 将矢,16,2,0,0,2,4,0,0,0,1.000,59,14,12,0,5,0,1,10,1,0,4,4,2.57,21725155
2026-06-03 15:53:56,Pacific,埼玉西武ライオンズ,佐藤 隼輔,11,1,1,1,4,5,0,0,0,.500,38,9,6,0,2,0,1,4,1,0,4,1,1.00,41945155
2026-06-03 15:53:56,Pacific,埼玉西武ライオンズ,佐藤 爽,4,1,0,0,0,0,0,0,0,1.000,81,21,17,2,5,0,1,16,0,0,7,7,3.00,31035150
2026-06-03 15:53:56,Pacific,埼玉西武ライオンズ,篠原 響,17,1,1,0,12,13,0,0,0,.500,67,16.1,11,1,5,1,1,24,1,0,7,3,1.65,61065150
2026-06-03 15:53:56,Pacific,埼玉西武ライオンズ,菅井 信也,7,2,2,0,0,0,0,0,0,.500,160,38.1,32,2,15,0,2,20,0,0,13,13,3.05,71075155
2026-06-03 15:53:56,Pacific,埼玉西武ライオンズ,隅田 知一郎,8,4,2,0,0,0,1,1,0,.667,221,55.1,52,3,8,0,1,48,2,0,20,15,2.44,21025155
2026-06-03 15:53:56,Pacific,埼玉西武ライオンズ,平良 海馬,8,3,1,0,0,0,1,1,0,.750,201,53,24,1,19,1,3,52,1,0,5,4,0.68,31035136
2026-06-03 15:53:56,Pacific,埼玉西武ライオンズ,髙橋 光成,8,6,2,0,0,0,2,0,0,.750,220,59.2,35,3,12,1,1,47,0,0,13,8,1.21,71075130
2026-06-03 15:53:56,Pacific,埼玉西武ライオンズ,武内 夏暉,8,4,2,0,0,0,0,0,0,.667,192,47.2,45,1,10,0,1,41,2,0,18,15,2.83,51255159
2026-06-03 15:53:56,Pacific,埼玉西武ライオンズ,中村 祐太,8,0,0,0,2,2,0,0,0,.000,37,10,3,0,3,0,0,11,0,0,2,1,0.90,71075139
2026-06-03 15:53:56,Pacific,埼玉西武ライオンズ,羽田 慎之介,8,1,1,0,1,2,0,0,0,.500,45,8.1,10,0,10,1,2,10,2,1,8,7,7.56,51655155
2026-06-03 15:53:56,Pacific,埼玉西武ライオンズ,浜屋 将太,18,0,0,0,3,3,0,0,0,.000,61,15,13,0,7,0,0,12,0,0,4,4,2.40,61465151
2026-06-03 15:53:56,Pacific,埼玉西武ライオンズ,冨士 大和,2,0,0,0,0,0,0,0,0,.000,14,2,7,1,1,0,0,3,0,0,5,5,22.50,91895150
2026-06-03 15:53:56,Pacific,埼玉西武ライオンズ,堀越 啓太,2,0,0,0,0,0,0,0,0,.000,9,2,3,0,0,0,0,1,0,0,1,1,4.50,31835152
2026-06-03 15:53:56,Pacific,埼玉西武ライオンズ,豆田 泰志,5,0,0,0,1,1,0,0,0,.000,25,5,10,0,2,0,0,1,1,0,4,4,7.20,23125153
2026-06-03 15:53:56,Pacific,埼玉西武ライオンズ,Ｅ．ラミレス,4,1,1,0,0,1,0,0,0,.500,17,4,4,1,1,0,0,2,0,0,2,2,4.50,73975150
2026-06-03 15:53:56,Pacific,埼玉西武ライオンズ,ワイナンス,3,1,1,0,0,0,0,0,0,.500,67,16,14,2,7,0,1,10,0,0,7,7,3.94,23925152
2026-06-03 15:53:56,Pacific,埼玉西武ライオンズ,渡邉 勇太朗,9,3,3,0,0,0,0,0,0,.500,239,60.1,45,3,17,2,0,45,0,0,20,20,2.98,53155138
2026-06-03 15:53:56,Pacific,埼玉西武ライオンズ,青山 美夏人,13,0,0,0,0,0,0,0,0,.000,78,17.1,19,4,10,0,0,12,0,0,13,10,5.19,51155157
2026-06-03 15:53:56,Pacific,埼玉西武ライオンズ,糸川 亮太,1,0,1,0,0,0,0,0,0,.000,7,1,4,0,0,0,0,0,0,0,2,2,18.00,11315159
2026-06-03 15:53:56,Pacific,埼玉西武ライオンズ,ウィンゲンター,5,1,0,0,0,0,0,0,0,1.000,25,5,5,0,3,0,1,4,0,0,3,0,0.00,53555150
2026-06-03 15:53:56,Pacific,埼玉西武ライオンズ,上田 大河,6,2,3,0,0,0,0,0,0,.400,149,36.1,39,6,7,0,0,34,0,0,18,17,4.21,91395159
2026-06-03 15:53:56,Pacific,埼玉西武ライオンズ,上間 永遠,1,0,0,0,0,0,0,0,0,.000,13,3,3,0,0,0,1,1,0,0,0,0,0.00,21325151
2026-06-03 15:53:56,Pacific,埼玉西武ライオンズ,狩生 聖真,5,0,1,0,0,0,0,0,0,.000,110,21.2,34,2,14,0,1,11,2,1,20,17,7.06,81585150
2026-06-03 15:53:56,Pacific,埼玉西武ライオンズ,川下 将勲,10,5,2,0,0,0,0,0,0,.714,232,54.1,59,3,19,0,3,31,2,0,22,20,3.31,61565159
2026-06-03 15:53:56,Pacific,埼玉西武ライオンズ,ゴンザレス,2,0,0,0,0,0,0,0,0,.000,8,2,0,0,2,0,0,2,1,0,1,1,4.50,33535152
2026-06-03 15:53:56,Pacific,埼玉西武ライオンズ,斎藤 佳紳,1,0,1,0,0,0,0,0,0,.000,7,1,3,1,1,0,0,0,0,0,4,4,36.00,31935152
2026-06-03 15:53:56,Pacific,埼玉西武ライオンズ,佐々木 健,1,0,0,0,0,0,0,0,0,.000,10,2.2,1,0,2,0,0,1,0,0,0,0,0.00,01005153
2026-06-03 15:53:56,Pacific,埼玉西武ライオンズ,佐藤 隼輔,9,0,1,0,0,0,0,0,0,.000,38,8.1,12,1,3,0,1,6,0,0,6,6,6.48,41945155
2026-06-03 15:53:56,Pacific,埼玉西武ライオンズ,佐藤 爽,5,3,0,0,0,0,0,0,0,1.000,101,26.1,17,1,5,0,0,21,0,0,4,4,1.37,31035150
2026-06-03 15:53:56,Pacific,埼玉西武ライオンズ,菅井 信也,3,1,1,0,0,0,1,0,0,.500,79,19,18,0,8,0,0,7,0,0,5,3,1.42,71075155
2026-06-03 15:53:56,Pacific,埼玉西武ライオンズ,杉山 遙希,8,5,2,0,0,0,2,0,1,.714,187,48.1,38,3,9,0,1,33,0,0,14,14,2.61,91095159
2026-06-03 15:53:56,Pacific,埼玉西武ライオンズ,髙橋 光成,1,0,1,0,0,0,0,0,0,.000,23,5,8,0,0,0,0,4,0,0,3,3,5.40,71075130
2026-06-03 15:53:56,Pacific,埼玉西武ライオンズ,高橋 礼,17,2,0,2,0,0,0,0,0,1.000,90,23,14,1,6,0,1,12,1,0,5,4,1.57,01005136
2026-06-03 15:53:56,Pacific,埼玉西武ライオンズ,武内 夏暉,1,0,0,0,0,0,0,0,0,.000,10,3,1,0,0,0,0,2,0,0,0,0,0.00,51255159
2026-06-03 15:53:56,Pacific,埼玉西武ライオンズ,中村 祐太,3,0,0,3,0,0,0,0,0,.000,11,3,1,0,1,0,0,3,0,0,0,0,0.00,71075139
2026-06-03 15:53:56,Pacific,埼玉西武ライオンズ,成田 晴風,6,0,0,0,0,0,0,0,0,.000,28,5.2,4,0,9,0,1,4,0,0,4,4,6.35,81485159
2026-06-03 15:53:56,Pacific,埼玉西武ライオンズ,羽田 慎之介,7,0,1,1,0,0,0,0,0,.000,31,7.1,4,2,4,0,1,7,0,0,5,5,6.14,51655155
2026-06-03 15:53:56,Pacific,埼玉西武ライオンズ,浜屋 将太,1,0,0,0,0,0,0,0,0,.000,4,1,1,0,0,0,0,1,0,0,0,0,0.00,61465151
2026-06-03 15:53:56,Pacific,埼玉西武ライオンズ,冨士 大和,7,1,5,0,0,0,0,0,0,.167,164,41,33,2,11,0,1,43,1,0,11,9,1.98,91895150
2026-06-03 15:53:56,Pacific,埼玉西武ライオンズ,ボー・タカハシ,12,1,0,1,0,0,0,0,0,1.000,64,14.2,14,4,7,0,1,11,1,0,8,8,4.91,43045155
2026-06-03 15:53:56,Pacific,埼玉西武ライオンズ,堀越 啓太,7,0,0,0,0,0,0,0,0,.000,27,6.2,5,0,4,0,0,9,0,0,1,0,0.00,31835152
2026-06-03 15:53:56,Pacific,埼玉西武ライオンズ,松本 航,8,2,3,0,0,0,0,0,0,.400,154,32.1,45,8,9,0,2,36,1,0,31,29,8.07,81685138
2026-06-03 15:53:56,Pacific,埼玉西武ライオンズ,豆田 泰志,10,1,0,0,0,0,0,0,0,1.000,38,11.1,3,1,2,0,0,13,0,0,1,1,0.79,23125153
2026-06-03 15:53:56,Pacific,埼玉西武ライオンズ,三浦 大輝,12,0,0,0,0,0,0,0,0,.000,54,12.1,11,2,7,0,0,9,1,0,7,7,5.11,81885157
2026-06-03 15:53:56,Pacific,埼玉西武ライオンズ,宮澤 太成,15,1,0,1,0,0,0,0,0,1.000,69,15.2,12,0,8,0,2,14,2,1,3,3,1.72,33335159
2026-06-03 15:53:56,Pacific,埼玉西武ライオンズ,森脇 亮介,18,3,1,5,0,0,0,0,0,.750,77,18,10,0,9,1,1,22,0,0,2,0,0.00,71875138
2026-06-03 15:53:56,Pacific,埼玉西武ライオンズ,與座 海人,3,1,1,0,0,0,0,0,0,.500,49,11.2,14,0,0,0,0,8,0,0,1,1,0.77,63165136
2026-06-03 15:53:56,Pacific,埼玉西武ライオンズ,ワイナンス,3,1,0,0,0,0,0,0,0,1.000,65,17.2,10,0,3,0,1,27,1,0,3,0,0.00,23925152
2026-06-03 15:53:56,Pacific,千葉ロッテマリーンズ,東妻 勇輔,1,0,0,0,0,0,0,0,0,.000,14,2,7,0,1,0,0,0,0,0,5,2,9.00,31135138
2026-06-03 15:53:56,Pacific,千葉ロッテマリーンズ,小島 和哉,5,1,4,0,0,0,0,0,0,.200,126,29.1,24,2,10,0,2,17,1,0,13,10,3.07,11515138
2026-06-03 15:53:56,Pacific,千葉ロッテマリーンズ,小野 郁,11,1,0,0,0,1,0,0,0,1.000,52,12.2,11,0,4,0,1,11,1,0,2,2,1.42,51555130
2026-06-03 15:53:56,Pacific,千葉ロッテマリーンズ,唐川 侑己,1,0,1,0,0,0,0,0,0,.000,21,5,5,3,1,0,0,4,0,0,4,4,7.20,21525116
2026-06-03 15:53:56,Pacific,千葉ロッテマリーンズ,河村 説人,1,0,0,0,0,0,0,0,0,.000,22,6,4,0,0,0,0,5,0,0,1,1,1.50,61765153
2026-06-03 15:53:56,Pacific,千葉ロッテマリーンズ,菊地 吏玖,2,0,0,0,0,0,0,0,0,.000,14,3,4,1,2,0,0,0,0,0,2,2,6.00,91595157
2026-06-03 15:53:56,Pacific,千葉ロッテマリーンズ,木村 優人,3,0,1,0,0,0,0,0,0,.000,68,16,14,3,7,0,0,11,1,0,11,10,5.63,71775159
2026-06-03 15:53:56,Pacific,千葉ロッテマリーンズ,坂本 光士郎,7,2,1,0,1,3,0,0,0,.667,31,7,6,0,4,0,0,8,0,0,2,1,1.29,41745138
2026-06-03 15:53:56,Pacific,千葉ロッテマリーンズ,澤田 圭佑,19,1,1,0,9,10,0,0,0,.500,72,18.2,13,1,2,0,0,16,0,0,3,3,1.45,01905134
2026-06-03 15:53:56,Pacific,千葉ロッテマリーンズ,ジャクソン,10,3,5,0,0,0,0,0,0,.375,258,62.2,47,6,25,0,5,64,4,1,26,25,3.59,43745159
2026-06-03 15:53:56,Pacific,千葉ロッテマリーンズ,鈴木 昭汰,20,4,0,1,12,16,0,0,0,1.000,76,19,15,2,6,2,0,22,0,0,4,4,1.89,71275153
2026-06-03 15:53:56,Pacific,千葉ロッテマリーンズ,高野 脩汰,17,1,3,0,4,5,0,0,0,.250,82,19,17,3,7,0,0,21,1,0,10,9,4.26,31035157
2026-06-03 15:53:56,Pacific,千葉ロッテマリーンズ,田中 晴也,8,1,4,0,0,0,0,0,0,.200,195,44,42,5,17,0,3,39,0,0,22,20,4.09,01005157
2026-06-03 15:53:56,Pacific,千葉ロッテマリーンズ,種市 篤暉,2,0,0,0,0,0,0,0,0,.000,28,7.2,6,0,0,0,0,7,0,0,0,0,0.00,71275134
2026-06-03 15:53:56,Pacific,千葉ロッテマリーンズ,中森 俊介,11,1,0,1,5,6,0,0,0,1.000,41,11,7,0,1,0,0,10,0,0,0,0,0.00,31635153
2026-06-03 15:53:56,Pacific,千葉ロッテマリーンズ,西野 勇士,6,1,2,0,0,0,0,0,0,.333,144,34.2,37,5,7,0,0,18,0,0,19,17,4.41,01205118
2026-06-03 15:53:56,Pacific,千葉ロッテマリーンズ,廣池 康志郎,8,2,1,0,0,0,0,0,0,.667,170,41,37,3,8,1,3,32,0,0,16,13,2.85,81685150
2026-06-03 15:53:56,Pacific,千葉ロッテマリーンズ,廣畑 敦也,3,0,0,0,0,0,0,0,0,.000,21,4,7,2,0,0,1,2,0,0,5,3,6.75,41645155
2026-06-03 15:53:56,Pacific,千葉ロッテマリーンズ,益田 直也,13,1,0,0,0,1,0,0,0,1.000,55,13,13,1,4,0,1,8,0,0,6,6,4.15,71675135
2026-06-03 15:53:56,Pacific,千葉ロッテマリーンズ,宮﨑 颯,4,0,0,0,0,0,0,0,0,.000,24,5,6,1,1,0,2,4,1,0,4,4,7.20,73175157
2026-06-03 15:53:56,Pacific,千葉ロッテマリーンズ,毛利 海大,9,2,2,0,0,0,0,0,0,.500,187,45,40,5,14,0,0,30,1,0,19,18,3.60,73175152
2026-06-03 15:53:56,Pacific,千葉ロッテマリーンズ,八木 彬,15,5,0,0,2,7,0,0,0,1.000,86,22.2,13,1,5,0,2,10,0,0,3,3,1.19,23325155
2026-06-03 15:53:56,Pacific,千葉ロッテマリーンズ,横山 陸人,24,0,1,19,2,2,0,0,0,.000,100,24,17,2,10,1,1,19,0,0,6,5,1.88,23125151
2026-06-03 15:53:56,Pacific,千葉ロッテマリーンズ,ロング,16,0,2,0,7,7,0,0,0,.000,95,22.2,24,3,4,0,1,13,0,0,14,12,4.76,03905152
2026-06-03 15:53:56,Pacific,千葉ロッテマリーンズ,秋山 正雲,8,3,1,0,0,0,0,0,0,.750,163,36.2,37,4,16,0,0,30,1,0,17,16,3.93,71175155
2026-06-03 15:53:56,Pacific,千葉ロッテマリーンズ,東妻 勇輔,16,1,1,1,0,0,0,0,0,.500,80,21.1,11,1,6,1,2,26,2,0,4,3,1.27,31135138
2026-06-03 15:53:56,Pacific,千葉ロッテマリーンズ,石川 柊太,9,1,5,0,0,0,0,0,0,.167,189,43.2,45,2,16,0,0,34,2,0,24,18,3.71,61165139
2026-06-03 15:53:56,Pacific,千葉ロッテマリーンズ,石垣 元気,6,0,0,0,0,0,0,0,0,.000,30,5,5,0,10,0,1,11,0,0,5,5,9.00,61165152
2026-06-03 15:53:56,Pacific,千葉ロッテマリーンズ,奥村 頼人,2,0,0,0,0,0,0,0,0,.000,8,2,1,0,2,0,0,3,0,0,0,0,0.00,21525152
2026-06-03 15:53:56,Pacific,千葉ロッテマリーンズ,小島 和哉,3,0,1,0,0,0,0,0,0,.000,69,16.1,14,1,8,0,0,19,1,0,5,5,2.76,11515138
2026-06-03 15:53:56,Pacific,千葉ロッテマリーンズ,小野 郁,8,0,1,1,0,0,0,0,0,.000,39,8,12,0,4,0,2,5,0,0,6,6,6.75,51555130
2026-06-03 15:53:56,Pacific,千葉ロッテマリーンズ,カスティーヨ,1,0,1,0,0,0,0,0,0,.000,6,1,1,0,2,0,0,1,0,0,2,0,0.00,03305152
2026-06-03 15:53:56,Pacific,千葉ロッテマリーンズ,唐川 侑己,7,3,3,0,0,0,0,0,0,.500,140,36,29,5,4,0,1,26,2,0,15,15,3.75,21525116
2026-06-03 15:53:56,Pacific,千葉ロッテマリーンズ,河村 説人,10,3,2,0,0,0,0,0,0,.600,209,51,47,3,16,0,1,32,1,0,17,16,2.82,61765153
2026-06-03 15:53:56,Pacific,千葉ロッテマリーンズ,菊地 吏玖,15,2,1,0,0,0,0,0,0,.667,96,19.2,20,0,9,0,2,18,4,0,15,7,3.20,91595157
2026-06-03 15:53:56,Pacific,千葉ロッテマリーンズ,木村 優人,2,0,0,0,0,0,0,0,0,.000,26,7,4,0,1,0,0,6,1,0,0,0,0.00,71775159
2026-06-03 15:53:56,Pacific,千葉ロッテマリーンズ,坂井 遼,13,1,0,1,0,0,0,0,0,1.000,78,17,16,1,12,1,0,12,2,0,7,6,3.18,41945150
2026-06-03 15:53:56,Pacific,千葉ロッテマリーンズ,坂本 光士郎,7,1,1,1,0,0,0,0,0,.500,31,8,5,0,3,0,1,5,0,0,2,2,2.25,41745138
2026-06-03 15:53:56,Pacific,千葉ロッテマリーンズ,髙橋 快秀,10,0,0,2,0,0,0,0,0,.000,47,11,6,0,7,0,0,7,0,0,1,0,0.00,11215152
2026-06-03 15:53:56,Pacific,千葉ロッテマリーンズ,種市 篤暉,2,1,0,0,0,0,0,0,0,1.000,27,8,2,0,1,0,0,13,0,0,0,0,0.00,71275134
2026-06-03 15:53:56,Pacific,千葉ロッテマリーンズ,中村 亮太,8,0,1,1,0,0,0,0,0,.000,132,29.2,34,2,8,0,2,30,2,0,18,16,4.85,11615153
2026-06-03 15:53:56,Pacific,千葉ロッテマリーンズ,中森 俊介,7,0,1,0,0,0,0,0,0,.000,27,7,4,1,2,0,0,3,1,0,3,2,2.57,31635153
2026-06-03 15:53:56,Pacific,千葉ロッテマリーンズ,中山 優人,3,0,0,0,0,0,0,0,0,.000,10,3,1,0,0,0,0,0,0,0,0,0,0.00,71475152
2026-06-03 15:53:56,Pacific,千葉ロッテマリーンズ,長島 幸佑,3,0,0,0,0,0,0,0,0,.000,22,4.2,7,1,3,0,0,4,1,0,5,5,9.64,51655150
2026-06-03 15:53:56,Pacific,千葉ロッテマリーンズ,西野 勇士,3,0,0,0,0,0,0,0,0,.000,50,13,9,0,3,0,0,8,0,0,1,1,0.69,01205118
2026-06-03 15:53:56,Pacific,千葉ロッテマリーンズ,早坂 響,1,0,0,0,0,0,0,0,0,.000,6,1,0,0,2,0,1,0,0,0,0,0,0.00,91695159
2026-06-03 15:53:56,Pacific,千葉ロッテマリーンズ,廣畑 敦也,6,0,0,0,0,0,0,0,0,.000,46,10.1,12,1,3,0,0,11,2,0,7,5,4.35,41645155
2026-06-03 15:53:56,Pacific,千葉ロッテマリーンズ,冨士 隼斗,2,1,1,0,0,0,0,0,0,.500,26,6,7,0,2,0,0,3,0,0,3,3,4.50,01605152
2026-06-03 15:53:56,Pacific,千葉ロッテマリーンズ,宮﨑 颯,10,2,0,0,0,0,0,0,0,1.000,64,13,19,0,7,0,0,15,1,0,9,8,5.54,73175157
2026-06-03 15:53:56,Pacific,千葉ロッテマリーンズ,本前 郁也,13,2,2,0,0,0,0,0,0,.500,73,18.1,17,1,3,0,2,12,0,0,6,5,2.45,13115151
2026-06-03 15:53:56,Pacific,千葉ロッテマリーンズ,森 遼大朗,9,1,4,0,0,0,0,0,0,.200,187,41.2,49,3,18,0,2,36,3,0,30,28,6.05,61865136
2026-06-03 15:53:56,Pacific,千葉ロッテマリーンズ,八木 彬,4,0,0,0,0,0,0,0,0,.000,43,9.2,11,0,2,0,0,9,0,0,3,3,2.79,23325155
2026-06-03 15:53:56,Pacific,千葉ロッテマリーンズ,大聖,6,0,1,0,0,0,0,0,0,.000,30,6,11,1,1,1,0,4,0,0,5,5,7.50,63165152
2026-06-03 15:53:56,Pacific,千葉ロッテマリーンズ,吉川 悠斗,5,1,0,0,0,0,0,0,0,1.000,55,14,11,0,3,0,0,14,0,0,3,3,1.93,83385157
2026-06-03 15:53:56,Pacific,千葉ロッテマリーンズ,ラドニー,2,0,0,0,0,0,0,0,0,.000,7,2,1,0,0,0,0,2,0,0,0,0,0.00,83785152
2026-06-03 15:53:56,Pacific,千葉ロッテマリーンズ,ロング,1,0,0,0,0,0,0,0,0,.000,12,3,1,0,3,0,0,3,0,0,0,0,0.00,03905152
